"","StartPrice","HighPrice","LowPrice","EndPrice","Amount"
"2015-06-10",2155,2185,2090,2120,2590446
"2015-06-11",2135,2140,2110,2115,306374
"2015-06-12",2095,2125,2090,2105,254677
"2015-06-15",2100,2125,2095,2120,174954
"2015-06-16",2110,2115,2070,2085,357984
"2015-06-17",2085,2085,2040,2060,141601
"2015-06-18",2065,2065,2030,2035,110911
"2015-06-19",2020,2060,2020,2055,176256
"2015-06-22",2070,2085,2060,2080,68048
"2015-06-23",2090,2105,2080,2090,64435
"2015-06-24",2090,2090,2055,2060,55518
"2015-06-25",2075,2085,2055,2080,28622
"2015-06-26",2070,2090,2045,2075,100880
"2015-06-29",2080,2095,2070,2080,112697
"2015-06-30",2095,2110,2080,2100,73052
"2015-07-01",2100,2155,2100,2140,86792
"2015-07-02",2130,2180,2105,2145,33757
"2015-07-03",2130,2145,2115,2140,116932
"2015-07-06",2100,2150,2100,2125,46576
"2015-07-07",2135,2135,2110,2120,17046
"2015-07-08",2105,2135,2105,2125,83057
"2015-07-09",2105,2135,2105,2135,24071
"2015-07-10",2135,2140,2120,2135,45868
"2015-07-13",2140,2160,2135,2160,86592
"2015-07-14",2165,2170,2145,2150,17304
"2015-07-15",2145,2155,2135,2150,21169
"2015-07-16",2150,2155,2135,2150,8687
"2015-07-17",2140,2150,2130,2135,13966
"2015-07-20",2125,2175,2125,2140,43453
"2015-07-21",2140,2160,2140,2160,29235
"2015-07-22",2150,2165,2150,2165,134262
"2015-07-23",2175,2185,2165,2180,61444
"2015-07-24",2180,2195,2170,2190,15944
"2015-07-27",2190,2190,2185,2190,78461
"2015-07-28",2190,2190,2180,2190,16804
"2015-07-29",2190,2220,2190,2200,20822
"2015-07-30",2200,2225,2200,2215,23664
"2015-07-31",2215,2225,2205,2220,24511
"2015-08-03",2225,2230,2225,2225,17748
"2015-08-04",2225,2265,2225,2250,121865
"2015-08-05",2250,2280,2245,2245,35998
"2015-08-06",2245,2450,2240,2270,42658
"2015-08-07",2430,2440,2275,2310,95135
"2015-08-10",2330,2370,2285,2290,22523
"2015-08-11",2290,2315,2280,2300,15772
"2015-08-12",2300,2300,2265,2265,18825
"2015-08-13",2265,2300,2250,2255,24334
"2015-08-17",2245,2265,2235,2235,39628
"2015-08-18",2225,2325,2215,2215,28071
"2015-08-19",2210,2245,2180,2200,73774
"2015-08-20",2200,2220,2200,2215,9270
"2015-08-21",2190,2205,2160,2205,38118
"2015-08-24",2155,2205,2155,2160,16581
"2015-08-25",2160,2200,2160,2180,20032
"2015-08-26",2240,2240,2170,2215,3897
"2015-08-27",2215,2215,2165,2180,9777
"2015-08-28",2180,2180,2165,2170,3717
"2015-08-31",2170,2190,2150,2155,23514
"2015-09-01",2175,2175,2140,2150,32415
"2015-09-02",2150,2160,2150,2150,15152
"2015-09-03",2150,2210,2150,2150,18564
"2015-09-04",2155,2175,2150,2165,27116
"2015-09-07",2150,2160,2150,2150,67456
"2015-09-08",2150,2190,2145,2180,8035
"2015-09-09",2150,2165,2150,2155,10870
"2015-09-10",2165,2165,2145,2160,4118
"2015-09-11",2145,2145,2120,2145,24835
"2015-09-14",2145,2160,2130,2145,19780
"2015-09-15",2145,2145,2090,2105,28790
"2015-09-16",2100,2120,2100,2120,24139
"2015-09-17",2115,2120,2105,2115,10156
"2015-09-18",2115,2115,2085,2100,34244
"2015-09-21",2095,2105,2095,2100,62771
"2015-09-22",2100,2115,2095,2110,6557
"2015-09-23",2110,2110,2090,2105,5359
"2015-09-24",2120,2120,2095,2095,215
"2015-09-25",2095,2105,2090,2105,39691
"2015-09-30",2100,2105,2080,2105,61802
"2015-10-01",2095,2115,2095,2115,5515
"2015-10-02",2115,2120,2110,2120,590
"2015-10-05",2115,2115,2100,2115,4342
"2015-10-06",2105,2120,2100,2120,3960
"2015-10-07",2100,2125,2100,2125,9607
"2015-10-08",2130,2130,2100,2105,15536
"2015-10-12",2105,2120,2100,2120,5782
"2015-10-13",2100,2120,2100,2110,6843
"2015-10-14",2120,2120,2090,2100,8120
"2015-10-15",2100,2110,2100,2110,20424
"2015-10-16",2100,2155,2100,2135,107850
"2015-10-19",2100,2120,2100,2120,2221
"2015-10-20",2100,2115,2100,2110,1439
"2015-10-21",2110,2115,2100,2115,5147
"2015-10-22",2100,2115,2100,2115,2339
"2015-10-23",2100,2125,2100,2105,14157
"2015-10-26",2115,2115,2095,2105,11983
"2015-10-27",2100,2110,2095,2110,12212
"2015-10-28",2100,2105,2095,2105,1346
"2015-10-29",2110,2110,2070,2105,2002
"2015-10-30",2100,2105,2100,2105,70069
"2015-11-02",2105,2110,2095,2110,17511
"2015-11-03",2090,2095,2070,2095,6739
"2015-11-04",2090,2090,2055,2080,2906
"2015-11-05",2060,2095,2055,2070,12449
"2015-11-06",2050,2070,2050,2055,43960
"2015-11-09",2055,2055,2020,2050,6066
"2015-11-10",2080,2080,2030,2040,434
"2015-11-11",2040,2040,2030,2035,14959
"2015-11-12",2060,2060,2025,2045,4431
"2015-11-13",2030,2050,2005,2020,77762
"2015-11-16",2010,2050,2000,2005,16970
"2015-11-17",2050,2050,2010,2025,8956
"2015-11-18",2040,2040,1995,2015,23947
"2015-11-19",2030,2030,1990,2010,6622
"2015-11-20",2010,2010,1995,2010,6537
"2015-11-23",2005,2010,2000,2010,3197
"2015-11-24",2010,2010,2000,2010,1691
"2015-11-25",2010,2040,1995,2010,12533
"2015-11-26",2010,2035,2010,2020,2827
"2015-11-27",2030,2030,2000,2010,3899
"2015-11-30",2000,2035,2000,2010,15905
"2015-12-01",2000,2030,2000,2030,3796
"2015-12-02",2000,2010,2000,2000,7957
"2015-12-03",2005,2005,2000,2005,16389
"2015-12-04",2005,2010,2000,2010,5784
"2015-12-07",2035,2035,2000,2010,5916
"2015-12-08",2010,2010,2000,2010,9913
"2015-12-09",2000,2005,1995,2005,20470
"2015-12-10",2005,2010,2000,2005,910
"2015-12-11",2010,2010,2000,2000,3999
"2015-12-14",2000,2005,1995,1995,8597
"2015-12-15",1995,2005,1995,1995,17451
"2015-12-16",2000,2000,1995,1995,10252
"2015-12-17",1995,1995,1995,1995,2135
"2015-12-18",1995,2000,1990,2000,10848
"2015-12-21",1990,2000,1900,2000,19598
"2015-12-22",2000,2005,1995,2005,12338
"2015-12-23",2005,2005,2000,2000,8631
"2015-12-24",1995,2000,1995,1995,3996
"2015-12-28",2010,2010,1995,2000,9624
"2015-12-29",2000,2015,1995,2010,17937
"2015-12-30",2025,2025,2005,2015,49
"2016-01-04",2020,2020,1990,1990,422
"2016-01-05",2000,2000,1995,2000,304
"2016-01-06",2000,2000,1990,1990,6662
"2016-01-07",1990,2010,1990,2010,8177
"2016-01-08",1990,2010,1990,2000,4005
"2016-01-11",2005,2005,1995,2000,3355
"2016-01-12",2000,2010,1990,2010,2052
"2016-01-13",2025,2025,1990,1995,3817
"2016-01-14",1990,2000,1990,1995,957
"2016-01-15",2015,2015,1995,2010,14245
"2016-01-18",1990,2025,1990,2005,3113
"2016-01-19",1995,2005,1995,2005,1303
"2016-01-20",1995,2005,1990,2005,8398
"2016-01-21",2000,2000,1995,2000,968
"2016-01-22",1995,2015,1995,2000,3426
"2016-01-25",1995,2015,1985,1990,11491
"2016-01-26",2000,2005,1995,2005,1061
"2016-01-27",2005,2010,1980,1995,9267
"2016-01-28",1995,2010,1970,2000,3883
"2016-01-29",2000,2000,1995,2000,4142
"2016-02-01",2000,2015,1995,2015,11934
"2016-02-02",2005,2015,2000,2000,1576
"2016-02-03",2000,2000,1990,2000,17227
"2016-02-04",2000,2000,1985,2000,9205
"2016-02-05",2005,2005,1985,1985,53754
"2016-02-11",1995,1995,1900,1985,15719
"2016-02-12",1990,2015,1980,1990,37124
"2016-02-15",1975,2000,1975,1995,7615
"2016-02-16",1995,2000,1990,2000,4389
"2016-02-17",2000,2000,1990,1990,19392
"2016-02-18",1995,2000,1995,2000,15160
"2016-02-19",2010,2010,1995,2005,2563
"2016-02-22",1995,2000,1995,2000,5402
"2016-02-23",2005,2005,1990,2000,455
"2016-02-24",2000,2000,1995,2000,505
"2016-02-25",2000,2000,1990,2000,2017
"2016-02-26",2000,2005,1970,1975,5799
"2016-02-29",2000,2000,1995,1995,3303
"2016-03-02",1990,2000,1990,2000,6554
"2016-03-03",2000,2000,1970,1970,2704
"2016-03-04",1990,1990,1970,1985,29995
"2016-03-07",1990,1995,1975,1995,8514
"2016-03-08",1995,1995,1975,1985,753
"2016-03-09",2000,2000,1980,1990,527
"2016-03-10",1995,1995,1955,1965,4583
"2016-03-11",1990,2000,1965,1995,3326
"2016-03-14",1990,1990,1965,1990,65
"2016-03-15",1995,1995,1970,1970,1857
"2016-03-16",1970,1995,1960,1970,1476
"2016-03-17",1965,1970,1960,1970,9938
"2016-03-18",1960,1975,1960,1970,3226
"2016-03-21",1965,1970,1965,1965,412
"2016-03-22",1965,1965,1955,1965,15315
"2016-03-23",1955,1965,1945,1950,15337
"2016-03-24",1970,1970,1955,1960,8203
"2016-03-25",1965,1990,1955,1960,15835
"2016-03-28",1995,1995,1975,1980,2066
"2016-03-29",1970,1985,1960,1980,4900
"2016-03-30",1980,1990,1960,1960,1094
"2016-03-31",1985,1985,1955,1970,3401
"2016-04-01",1970,1990,1960,1990,19158
"2016-04-04",1990,1990,1960,1985,1137
"2016-04-05",1990,1990,1965,1985,2082
"2016-04-06",1985,1995,1985,1995,3208
"2016-04-07",1965,1995,1965,1985,73
"2016-04-08",1965,1995,1950,1970,24077
"2016-04-11",1990,1990,1960,1985,2044
"2016-04-12",1960,1990,1960,1975,2046
"2016-04-14",1970,1985,1970,1985,6994
"2016-04-15",1950,1980,1950,1975,2351
"2016-04-18",1960,1980,1960,1960,5515
"2016-04-19",1970,1970,1955,1965,9219
"2016-04-20",1955,1990,1955,1985,31132
"2016-04-21",2000,2000,1955,1980,13175
"2016-04-22",1960,2000,1960,1975,2344
"2016-04-25",1980,1995,1950,1990,6297
"2016-04-26",2050,2050,1945,1970,31376
"2016-04-27",1960,1975,1950,1970,4860
"2016-04-28",1980,1980,1970,1970,251
"2016-04-29",1955,1975,1940,1970,458
"2016-05-02",1985,1985,1950,1970,3081
"2016-05-03",2005,2005,1955,1960,333
"2016-05-04",1985,1985,1975,1980,1302
"2016-05-09",1980,1980,1980,1980,3458
"2016-05-10",1975,1975,1955,1975,204
"2016-05-11",1980,1980,1955,1955,1151
"2016-05-12",1955,1975,1955,1965,94
"2016-05-13",1970,1975,1950,1975,13819
"2016-05-16",1975,1985,1955,1980,2860
"2016-05-17",1980,1980,1960,1960,17148
"2016-05-18",1950,1975,1950,1975,12557
"2016-05-19",1955,1980,1955,1980,16050
"2016-05-20",1985,1990,1950,1960,12128
"2016-05-23",1995,1995,1955,1975,9946
"2016-05-24",1975,1975,1970,1975,7984
"2016-05-25",1975,1975,1970,1970,502
"2016-05-26",1970,1970,1955,1965,5837
"2016-05-27",1965,1965,1950,1950,5586
"2016-05-30",1975,1975,1945,1965,36060
"2016-05-31",1965,1965,1940,1960,71769
"2016-06-01",1960,1960,1945,1950,15113
"2016-06-02",1930,1960,1930,1960,4902
"2016-06-03",1940,1960,1940,1960,11005
"2016-06-07",1960,1960,1895,1950,109982
"2016-06-08",1950,1955,1945,1955,16906
"2016-06-09",1955,1960,1940,1955,5207
"2016-06-10",1960,1960,1940,1945,9006
"2016-06-13",1945,1950,1945,1950,7021
"2016-06-14",1955,1955,1940,1950,1085
"2016-06-15",1950,1955,1950,1950,5003
"2016-06-16",1945,1955,1940,1955,8812
"2016-06-17",1960,1960,1945,1960,1989
"2016-06-20",1955,1955,1950,1950,3836
"2016-06-21",1955,1960,1955,1960,1957
"2016-06-22",1960,1970,1950,1970,12757
"2016-06-23",1965,1965,1955,1965,234
"2016-06-24",1965,1965,1950,1950,25898
"2016-06-27",1950,1960,1950,1960,1763
"2016-06-28",1960,1960,1960,1960,3000
"2016-06-29",1960,1970,1955,1965,15831
"2016-06-30",1970,1980,1960,1980,9816
"2016-07-01",1980,2000,1980,2000,20197
"2016-07-04",2000,2005,1985,2000,20342
"2016-07-05",2000,2010,1995,1995,12417
"2016-07-06",2000,2000,1990,2000,1215
"2016-07-07",2005,2005,2000,2000,23
"2016-07-08",2005,2005,1990,2000,1026
"2016-07-11",2010,2010,1985,2005,346
"2016-07-12",2015,2020,2010,2015,36
"2016-07-13",2010,2030,2005,2030,4687
"2016-07-14",2030,2030,2000,2030,3155
"2016-07-15",2025,2025,2005,2025,6738
"2016-07-18",2020,2025,2000,2020,7551
"2016-07-19",2000,2015,1995,2010,8079
"2016-07-20",2010,2010,2000,2010,4293
"2016-07-21",2035,2035,2000,2000,977
"2016-07-22",2020,2020,1995,2000,330
"2016-07-25",2010,2010,1990,1990,1249
"2016-07-26",1990,1990,1985,1990,4777
"2016-07-27",1990,1990,1985,1990,3207
"2016-07-28",2015,2015,1990,2015,40
"2016-07-29",2045,2045,2025,2025,12
"2016-08-01",2025,2030,2000,2020,8632
"2016-08-02",2030,2030,2005,2005,5532
"2016-08-03",1995,2005,1995,2000,1110
"2016-08-04",2045,2045,1975,2025,967
"2016-08-05",2020,2020,1975,2010,2147
"2016-08-08",2000,2035,1980,2000,10852
"2016-08-09",2000,2000,2000,2000,0
"2016-08-10",2000,2000,2000,2000,0
"2016-08-11",2000,2035,2000,2000,9636
"2016-08-12",1990,2005,1980,2005,2750
"2016-08-16",2030,2030,1975,1995,2039
"2016-08-17",2000,2000,1970,1995,10860
"2016-08-18",1990,1990,1980,1985,2115
"2016-08-19",1980,1980,1975,1980,2430
"2016-08-22",1975,2000,1975,1985,2816
"2016-08-23",1975,1990,1975,1990,2343
"2016-08-24",2000,2000,1975,1975,3209
"2016-08-25",1980,1990,1980,1990,21921
"2016-08-26",2090,2090,1995,2005,13571
"2016-08-29",2010,2010,1990,1990,10138
"2016-08-30",2000,2015,1990,2010,11161
"2016-08-31",2020,2020,2000,2010,2011
"2016-09-01",2025,2030,2005,2015,30850
"2016-09-02",2040,2040,2010,2010,4680
"2016-09-05",2030,2030,2000,2000,2133
"2016-09-06",2005,2030,1995,1995,6590
"2016-09-07",2025,2025,2000,2015,17500
"2016-09-08",2025,2025,2000,2015,2837
"2016-09-09",2010,2015,2005,2005,3548
"2016-09-12",2040,2040,1995,2015,6614
"2016-09-13",2045,2045,1990,2015,592
"2016-09-19",2005,2040,1990,1990,2740
"2016-09-20",2010,2020,1990,1990,1971
"2016-09-21",2010,2020,1995,2005,2238
"2016-09-22",2000,2005,1995,2005,5927
"2016-09-23",2010,2010,1990,2000,3965
"2016-09-26",2065,2065,1995,2000,2916
"2016-09-27",2020,2020,1985,1990,9312
"2016-09-28",2010,2010,1995,2010,2725
"2016-09-29",2000,2005,1990,2005,3329
"2016-09-30",2020,2020,1990,1995,2620
"2016-10-04",2005,2005,1980,1985,4355
"2016-10-05",2020,2020,1980,2005,1910
"2016-10-06",2020,2020,1985,1990,260
"2016-10-07",2020,2020,1995,1995,2234
"2016-10-10",1975,1995,1975,1995,111
"2016-10-11",1980,2010,1980,2010,1147
"2016-10-12",2020,2020,1995,2000,6751
"2016-10-13",2010,2010,1980,1995,12783
"2016-10-14",2025,2025,2000,2000,908
"2016-10-17",2020,2020,1980,2000,1334
"2016-10-18",2020,2020,1985,2000,3068
"2016-10-19",2005,2005,1985,2000,2561
"2016-10-20",1990,2000,1985,2000,1045
"2016-10-21",2010,2010,1985,1995,262
"2016-10-24",2030,2030,1985,2000,451
"2016-10-25",1990,1995,1985,1985,280
"2016-10-26",1985,1990,1980,1990,7707
"2016-10-27",1985,1995,1970,1995,2606
"2016-10-28",2010,2010,1995,1995,4
"2016-10-31",1970,1995,1970,1995,1817
"2016-11-01",1990,1990,1975,1990,3741
"2016-11-02",1980,1985,1965,1980,24821
"2016-11-03",1980,1990,1970,1970,13240
"2016-11-04",1975,2035,1975,1980,16730
"2016-11-07",2015,2015,1970,1995,15378
"2016-11-08",1980,2005,1970,1970,3555
"2016-11-09",1995,1995,1955,1980,16768
"2016-11-10",1995,1995,1970,1985,10500
"2016-11-11",1995,1995,1960,1995,20597
"2016-11-14",1965,1995,1965,1985,2256
"2016-11-15",1995,1995,1965,1980,2230
"2016-11-16",1995,2000,1970,1985,11747
"2016-11-17",1975,1985,1975,1980,4564
"2016-11-18",1965,1980,1965,1980,128
"2016-11-21",1970,1980,1965,1980,7597
"2016-11-22",1965,1995,1965,1995,2526
"2016-11-23",1965,1995,1965,1995,3078
"2016-11-24",1980,1990,1970,1990,3792
"2016-11-25",1985,1990,1965,1970,3959
"2016-11-28",1995,1995,1970,1990,2001
"2016-11-29",1965,1990,1965,1985,3630
"2016-11-30",1990,1990,1980,1980,7
"2016-12-01",1970,1980,1965,1980,1239
"2016-12-02",1980,1990,1980,1990,497
"2016-12-05",1990,1990,1970,1970,2063
"2016-12-06",1980,1980,1965,1970,1771
"2016-12-07",1970,1975,1960,1975,4790
"2016-12-08",1990,1990,1990,1990,33
"2016-12-09",1970,1990,1970,1975,576
"2016-12-12",1990,1990,1985,1990,21
"2016-12-13",1980,1990,1980,1985,2637
"2016-12-14",1990,1990,1965,1985,403
"2016-12-15",1965,1980,1965,1965,2657
"2016-12-16",1965,1980,1965,1975,1540
"2016-12-19",1965,1990,1965,1970,1890
"2016-12-20",1970,1990,1965,1975,7653
"2016-12-21",1965,1975,1965,1975,1353
"2016-12-22",1970,1980,1970,1980,1449
"2016-12-23",1980,1990,1975,1985,841
"2016-12-26",1980,1985,1980,1980,820
"2016-12-27",1990,1990,1990,1990,20
"2016-12-28",1965,1990,1965,1980,76
"2016-12-29",1990,1990,1975,1980,133
"2017-01-02",1985,1990,1985,1990,72
"2017-01-03",1985,1985,1985,1985,1
"2017-01-04",1995,1995,1965,1975,1378
"2017-01-05",1970,1985,1970,1975,1563
"2017-01-06",1970,1975,1965,1975,1032
"2017-01-09",1970,1975,1965,1970,1989
"2017-01-10",1970,1970,1955,1970,44585
"2017-01-11",1975,1980,1950,1975,4579
"2017-01-12",1980,1980,1955,1970,3865
"2017-01-13",1970,1970,1955,1960,6433
"2017-01-16",1975,1975,1950,1955,18013
"2017-01-17",1970,1975,1970,1975,1402
"2017-01-18",1975,1980,1950,1980,4677
"2017-01-19",1950,1975,1950,1975,6402
"2017-01-20",1970,1970,1970,1970,694
"2017-01-23",1970,1970,1950,1970,4578
"2017-01-24",1945,1970,1945,1960,4096
"2017-01-25",1945,1965,1945,1965,12684
"2017-01-26",1950,1950,1940,1950,17868
"2017-01-31",1960,1960,1945,1950,3734
"2017-02-01",1950,1955,1950,1955,8632
"2017-02-02",1960,1960,1960,1960,2000
"2017-02-03",1945,1955,1945,1945,3847
"2017-02-06",1945,1955,1940,1945,8006
"2017-02-07",1940,1950,1940,1945,3125
"2017-02-08",1940,1950,1940,1950,25070
"2017-02-09",1960,1960,1945,1955,2450
"2017-02-10",1965,1965,1940,1955,1729
"2017-02-13",1965,1965,1940,1940,3728
"2017-02-14",1935,1950,1935,1945,1576
"2017-02-15",1960,1960,1940,1945,1223
"2017-02-16",1940,1945,1940,1945,6826
"2017-02-17",1955,1955,1940,1940,2226
"2017-02-20",1935,1950,1935,1950,26147
"2017-02-21",1940,1955,1940,1955,3799
"2017-02-22",1960,1960,1935,1940,34909
"2017-02-23",1940,1965,1940,1960,13662
"2017-02-24",1940,1965,1935,1955,129955
"2017-02-27",1940,1955,1935,1940,25719
"2017-02-28",1955,1960,1940,1955,37533
"2017-03-02",1970,1970,1940,1955,6770
"2017-03-03",1955,1965,1945,1960,4176
"2017-03-06",1975,1975,1945,1965,3903
"2017-03-07",1970,1970,1945,1965,2548
"2017-03-08",1970,1970,1950,1965,10217
"2017-03-09",1960,1965,1950,1965,1706
"2017-03-10",1955,1980,1955,1970,7219
"2017-03-13",1950,1975,1935,1970,16187
"2017-03-14",1970,1985,1970,1985,19584
"2017-03-15",1980,1990,1965,1990,21348
"2017-03-16",1995,2000,1985,1985,17872
"2017-03-17",1995,2000,1975,1985,10699
"2017-03-20",1990,1995,1970,1985,24663
"2017-03-21",1990,2000,1970,1990,11712
"2017-03-22",1985,1995,1970,1990,4775
"2017-03-23",1990,1995,1965,1995,36496
"2017-03-24",2005,2005,1980,1995,10319
"2017-03-27",1980,2000,1980,1995,8322
"2017-03-28",1995,2005,1995,2000,23227
"2017-03-29",1995,2000,1985,1995,18965
"2017-03-30",1995,2000,1995,2000,17948
"2017-03-31",1995,2005,1995,2005,10987
"2017-04-03",2005,2045,2000,2010,26181
"2017-04-04",2000,2020,1990,2020,19971
"2017-04-05",2020,2020,1985,2010,5141
"2017-04-06",1995,2030,1995,2015,12164
"2017-04-07",2030,2030,1990,2025,32392
"2017-04-10",1995,2020,1995,2020,8576
"2017-04-11",2000,2045,2000,2030,71909
"2017-04-12",2030,2045,2015,2040,72863
"2017-04-13",2035,2045,2020,2045,41155
"2017-04-14",0,0,0,2045,0
"2017-04-17",0,0,0,2045,0
"2017-04-18",0,0,0,2045,0
"2017-04-19",0,0,0,2045,0
"2017-04-20",0,0,0,2045,0
"2017-04-21",0,0,0,2045,0
"2017-04-24",0,0,0,2045,0
"2017-04-25",0,0,0,2045,0
"2017-04-26",0,0,0,2045,0
"2017-04-27",0,0,0,2045,0
"2017-04-28",0,0,0,2045,0
"2017-05-02",0,0,0,2045,0
"2017-05-04",0,0,0,2045,0
"2017-05-08",0,0,0,2045,0
"2017-05-10",0,0,0,2045,0
"2017-05-11",0,0,0,2045,0
"2017-05-12",0,0,0,2045,0
"2017-05-15",0,0,0,2045,0
"2017-05-16",0,0,0,2045,0
"2017-05-17",0,0,0,2045,0
"2017-05-18",0,0,0,2045,0
"2017-05-19",0,0,0,2045,0
"2017-05-22",0,0,0,2045,0
"2017-05-23",0,0,0,2045,0
"2017-05-24",0,0,0,2045,0
"2017-05-25",0,0,0,2045,0
"2017-05-26",2050,2070,2005,2030,237633
"2017-05-29",2040,2060,2025,2040,69212
"2017-05-30",2040,2060,2035,2035,38371
"2017-05-31",2035,2050,2010,2040,48023
"2017-06-01",2045,2045,1995,2020,78124
"2017-06-02",2015,2035,2005,2015,57534
"2017-06-05",2015,2030,1990,2005,90863
"2017-06-07",2000,2015,2000,2010,24325
"2017-06-08",2000,2015,1995,1995,55247
"2017-06-09",2010,2010,1985,1985,66628
"2017-06-12",1985,2005,1985,2000,19996
"2017-06-13",2000,2000,1990,1990,7485
"2017-06-14",1990,2005,1980,2000,6914
"2017-06-15",2000,2005,1985,2005,3603
"2017-06-16",2000,2005,1985,1985,23058
"2017-06-19",1985,2000,1975,1975,63022
"2017-06-20",1995,1995,1965,1990,33368
"2017-06-21",1990,1990,1970,1975,4421
"2017-06-22",1990,1990,1965,1980,5647
"2017-06-23",1965,1980,1965,1970,4364
"2017-06-26",1985,2055,1960,1995,146960
"2017-06-27",2025,2055,2000,2020,101446
"2017-06-28",2030,2030,2005,2025,31548
"2017-06-29",2025,2050,2010,2030,179946
"2017-06-30",2065,2180,2005,2015,1444357
"2017-07-03",2040,2150,2015,2100,977315
"2017-07-04",2500,2550,2055,2150,6321344
"2017-07-05",2125,2130,2050,2070,1135590
"2017-07-06",2060,2630,2045,2210,17856681
"2017-07-07",2155,2430,2120,2165,8962594
"2017-07-10",2165,2240,2055,2070,2250539
"2017-07-11",2095,2275,2080,2120,3421919
"2017-07-12",2500,2600,2120,2150,6713683
"2017-07-13",2180,2300,2110,2230,1913319
"2017-07-14",2180,2225,2140,2170,960041
"2017-07-17",2145,2185,2125,2170,406456
"2017-07-18",2115,2485,2080,2220,3805540
"2017-07-19",2175,2205,2140,2170,689832
"2017-07-20",2155,2350,2140,2235,1220957
"2017-07-21",2205,2300,2185,2240,343733
"2017-07-24",2225,2275,2175,2175,293058
"2017-07-25",2160,2200,2110,2125,281896
"2017-07-26",2130,2170,2060,2065,228906
"2017-07-27",2080,2080,2015,2035,193562
"2017-07-28",2035,2035,1980,2005,176315
"2017-07-31",2010,2270,2010,2080,796791
"2017-08-01",2080,2140,2055,2105,251355
"2017-08-02",2090,2150,2080,2085,174662
"2017-08-03",2080,2110,2060,2085,89469
"2017-08-04",2180,2180,2055,2080,170985
"2017-08-07",2100,2135,2055,2080,47641
"2017-08-08",2050,2080,2050,2050,46136
"2017-08-09",2055,2095,2050,2060,39737
"2017-08-10",2060,2180,2050,2080,123561
"2017-08-11",2085,2120,2060,2085,140418
"2017-08-14",2045,2145,2045,2090,54149
"2017-08-16",2090,2145,2060,2110,80349
"2017-08-17",2150,2150,2080,2105,52023
"2017-08-18",2095,2125,2085,2120,30985
"2017-08-21",2130,2135,2100,2130,50615
"2017-08-22",2105,2300,2105,2145,365690
"2017-08-23",2180,2210,2150,2180,117012
"2017-08-24",2180,2260,2170,2195,165838
"2017-08-25",2250,2260,2185,2240,195547
"2017-08-28",2240,2270,2190,2235,103485
"2017-08-29",2230,2270,2215,2250,90099
"2017-08-30",2250,2270,2130,2210,128624
"2017-08-31",2210,2230,2025,2110,391158
"2017-09-01",2105,2165,2060,2085,146371
"2017-09-04",2025,2095,2025,2080,73951
"2017-09-05",2040,2100,2015,2075,108203
"2017-09-06",2075,2100,2005,2050,133446
"2017-09-07",2030,2075,2015,2070,165634
"2017-09-08",2050,2080,2020,2080,92400
"2017-09-11",2080,2110,2035,2110,56934
"2017-09-12",2110,2135,2050,2100,24123
"2017-09-13",2100,2100,2015,2050,23831
"2017-09-14",2045,2095,2030,2090,66414
"2017-09-15",2050,2145,2050,2065,107063
"2017-09-18",2120,2120,2050,2070,67345
"2017-09-19",2070,2275,2050,2140,428188
"2017-09-20",2110,2190,2105,2135,139250
"2017-09-21",2120,2500,2120,2260,1337580
"2017-09-22",2310,2565,2200,2290,1269480
"2017-09-25",2340,2375,2255,2300,165011
"2017-09-26",2270,2295,2140,2160,124665
"2017-09-27",2210,2210,2130,2130,70671
"2017-09-28",2140,2170,2080,2115,70485
"2017-09-29",2110,2160,2100,2140,41490
"2017-10-10",2105,2210,2105,2155,19277
"2017-10-11",2195,2195,2135,2180,10405
"2017-10-12",2200,2240,2080,2160,51841
"2017-10-13",2160,2160,2090,2120,76774
"2017-10-16",2095,2150,2050,2135,41261
"2017-10-17",2135,2155,2090,2095,16169
"2017-10-18",2095,2145,2080,2080,8423
"2017-10-19",2065,2300,2065,2185,399133
"2017-10-20",2140,2225,2140,2215,45161
"2017-10-23",2215,2225,2110,2145,32565
"2017-10-24",2160,2200,2090,2105,52141
"2017-10-25",2140,2170,2095,2110,27378
"2017-10-26",2090,2135,2090,2105,45573
"2017-10-27",2105,2150,2100,2150,21901
"2017-10-30",2200,2200,2125,2170,12638
"2017-10-31",2135,2200,2135,2170,12134
"2017-11-01",2170,2200,2140,2180,88271
"2017-11-02",2180,2190,2105,2170,35327
"2017-11-03",2170,2190,2130,2165,4416
"2017-11-06",2200,2200,2130,2130,11984
"2017-11-07",2160,2160,2095,2150,15957
"2017-11-08",2150,2170,2105,2120,8207
"2017-11-09",2100,2190,2090,2170,27706
"2017-11-10",2190,2190,2095,2130,30495
"2017-11-13",2130,2150,2100,2115,13709
"2017-11-14",2200,2200,2075,2135,95089
"2017-11-15",2115,2135,2040,2045,185073
"2017-11-16",2055,2130,2030,2130,75080
"2017-11-17",2180,2180,2090,2130,20780
"2017-11-20",2155,2155,2055,2120,6087
"2017-11-21",2120,2120,2050,2085,15938
"2017-11-22",2030,2085,2000,2025,37942
"2017-11-23",2020,2130,1985,2065,42617
"2017-11-24",2035,2095,2035,2065,6591
"2017-11-27",2045,2060,1995,2025,67164
"2017-11-28",2070,2070,2015,2035,48529
"2017-11-29",2070,2085,2015,2050,36557
"2017-11-30",2095,2240,2015,2090,267619
"2017-12-01",2085,2085,2025,2075,50912
"2017-12-04",2035,2055,1960,2000,40472
"2017-12-05",2000,2020,1920,1985,49599
"2017-12-06",1935,2000,1935,1965,25662
"2017-12-07",2020,2020,1885,1895,34302
"2017-12-08",1860,1895,1785,1865,97602
"2017-12-11",1875,2420,1815,2000,1656803
"2017-12-12",1975,1995,1850,1910,302711
"2017-12-13",1935,2275,1915,2060,458356
"2017-12-14",2090,2205,2020,2070,148942
"2017-12-15",2040,2200,2025,2105,196877
"2017-12-18",2085,2165,2075,2115,64631
"2017-12-19",2115,2140,2090,2130,123111
"2017-12-20",2160,2190,2075,2080,58789
"2017-12-21",2075,2135,2020,2095,69721
"2017-12-22",2125,2125,2065,2100,67733
"2017-12-26",2120,2130,2075,2090,12640
"2017-12-27",2030,2115,2030,2115,14691
"2017-12-28",2120,2165,2120,2140,25857
"2018-01-02",2120,2150,2090,2145,12503
"2018-01-03",2150,2150,2070,2095,13940
"2018-01-04",2095,2170,2090,2120,12390
"2018-01-05",2145,2145,2055,2080,71110
"2018-01-08",2095,2095,2060,2070,39562
"2018-01-09",2050,2150,2050,2095,55161
"2018-01-10",2155,2155,2055,2060,13146
"2018-01-11",2150,2150,2060,2140,20012
"2018-01-12",2140,2160,2045,2085,53407
"2018-01-15",2085,2100,2050,2100,31401
"2018-01-16",2090,2100,2055,2070,36093
"2018-01-17",2130,2130,2055,2060,17762
"2018-01-18",2060,2090,2060,2090,20578
"2018-01-19",2085,2120,2085,2100,8113
"2018-01-22",2100,2130,2055,2130,43349
"2018-01-23",2130,2190,2045,2045,114707
"2018-01-24",2050,2060,2035,2050,59873
"2018-01-25",2050,2060,2035,2050,11299
"2018-01-26",2040,2060,2030,2030,19602
"2018-01-29",2065,2090,2015,2050,44835
"2018-01-30",2050,2050,2020,2045,14148
"2018-01-31",2020,2050,2010,2045,33232
"2018-02-01",2045,2145,2020,2140,46211
"2018-02-02",2105,2140,2025,2035,86339
"2018-02-05",2030,2030,2000,2000,40143
"2018-02-06",1995,1995,1955,1985,24132
"2018-02-07",2025,2025,1975,2010,17946
"2018-02-08",2015,2015,1980,2000,8329
"2018-02-09",1995,2000,1965,2000,3543
"2018-02-12",2005,2010,1975,2000,13694
"2018-02-13",2030,2030,1985,2005,8117
"2018-02-14",2000,2030,1985,1985,3691
"2018-02-19",1990,2095,1990,2065,22491
"2018-02-20",2075,2110,2050,2070,29246
"2018-02-21",2075,2080,2060,2080,10189
"2018-02-22",2050,2080,2030,2065,6435
"2018-02-23",2070,2110,2055,2090,28690
"2018-02-26",2100,2100,2075,2085,31173
"2018-02-27",2095,2120,2080,2100,38236
"2018-02-28",2100,2100,2070,2095,34558
"2018-03-02",2090,2115,2065,2070,22730
"2018-03-05",2070,2120,2050,2070,49183
"2018-03-06",2095,2095,2050,2060,4898
"2018-03-07",2140,2140,2020,2040,17784
"2018-03-08",2040,2070,2020,2040,9842
"2018-03-09",2030,2050,1975,2030,10829
"2018-03-12",2030,2040,2010,2035,17004
"2018-03-13",2045,2050,2010,2030,3840
"2018-03-14",2030,2060,2010,2035,9936
"2018-03-15",2010,2085,2005,2025,14218
"2018-03-16",2035,2100,1985,2035,14965
"2018-03-19",2030,2030,1995,2015,10020
"2018-03-20",2015,2080,2000,2030,29143
"2018-03-21",2030,2030,2005,2025,6095
"2018-03-22",2025,2025,1985,1995,9102
"2018-03-23",2025,2025,1965,2000,14804
"2018-03-26",1920,2000,1920,1950,17375
"2018-03-27",1980,2055,1955,1995,1063
"2018-03-28",2000,2000,1960,1970,3826
"2018-03-29",2025,2025,1950,1950,6859
"2018-03-30",1960,2020,1955,2000,17457
"2018-04-02",1980,2010,1965,1985,5948
"2018-04-03",1960,2000,1945,2000,29043
"2018-04-04",2000,2000,1955,1970,3476
"2018-04-05",1950,1960,1925,1955,6956
"2018-04-06",1935,1955,1935,1955,4083
"2018-04-09",1950,1955,1920,1955,6024
"2018-04-10",1950,1950,1910,1920,4029
"2018-04-11",1915,1945,1910,1935,4561
"2018-04-12",1925,1925,1910,1925,10053
"2018-04-13",2000,2000,1890,1910,16920
"2018-04-16",1930,1945,1895,1910,9860
"2018-04-17",1930,1930,1880,1900,11456
"2018-04-18",1880,1900,1860,1860,15743
"2018-04-19",1870,1935,1865,1935,11696
"2018-04-20",1935,1955,1895,1950,14724
"2018-04-23",1925,2240,1925,2120,167654
"2018-04-24",2120,2120,2030,2120,47992
"2018-04-25",2090,2095,2045,2095,14522
"2018-04-26",2100,2125,2025,2055,13304
"2018-04-27",2025,2100,2025,2090,9011
"2018-04-30",2120,2120,1995,2050,5273
"2018-05-02",1980,2050,1940,1985,25807
"2018-05-03",2050,2080,1995,2010,11530
"2018-05-04",2025,2075,1830,1895,218615
"2018-05-08",1895,1940,1895,1900,37191
"2018-05-09",1915,1920,1885,1895,17718
"2018-05-10",1900,1915,1890,1910,5723
"2018-05-11",1925,1925,1890,1920,18269
"2018-05-14",1920,1960,1920,1925,47716
"2018-05-15",1925,2000,1920,1955,17482
"2018-05-16",1965,1990,1935,1955,16599
"2018-05-17",1955,1985,1935,1945,7603
"2018-05-18",1910,1990,1910,1940,14948
"2018-05-21",1940,2070,1940,2040,34389
"2018-05-23",2060,2085,1990,2055,32858
"2018-05-24",2080,2080,2010,2080,28354
"2018-05-25",2060,2080,2025,2080,8874
"2018-05-28",2105,2105,2025,2080,14598
"2018-05-29",2080,2080,1980,2060,17488
"2018-05-30",2055,2090,1985,2050,26745
"2018-05-31",2100,2100,2020,2055,1880
"2018-06-01",2090,2090,1980,2010,23037
"2018-06-04",2060,2090,2000,2010,18194
"2018-06-05",2020,2085,2020,2035,34620
"2018-06-07",2085,2085,2050,2055,22277
"2018-06-08",2090,2160,2040,2040,106019
"2018-06-11",2030,2110,2030,2070,44977
"2018-06-12",2055,2150,2055,2130,111371
"2018-06-14",2170,2760,2120,2450,5032755
"2018-06-15",2465,2590,2335,2590,893588
"2018-06-18",2565,2565,2370,2475,423243
"2018-06-19",2415,2470,2215,2245,433680
"2018-06-20",2245,2335,2200,2295,306962
"2018-06-21",2315,2320,2190,2200,238646
"2018-06-22",2245,2370,2210,2370,212104
"2018-06-25",2380,3080,2320,3080,1995785
"2018-06-26",3600,4000,3120,3150,7356184
"2018-06-27",3220,4050,3160,4030,11025477
"2018-06-28",3845,3910,3420,3600,1832431
"2018-06-29",3500,4450,3405,3600,12231623
"2018-07-02",3695,4060,3270,3360,7005831
"2018-07-03",3430,3455,3090,3230,2128516
"2018-07-04",3330,3460,3130,3135,3114323
"2018-07-05",3010,3010,2850,2915,1656514
"2018-07-06",2870,2900,2600,2750,1689625
"2018-07-09",2690,2750,2570,2570,1056181
"2018-07-10",2660,3220,2655,3200,9830622
"2018-07-11",3120,3145,2975,3125,1763184
"2018-07-12",3095,3845,3095,3395,16544262
"2018-07-13",3335,3650,3280,3450,4666289
"2018-07-16",3450,3500,3300,3350,1316216
"2018-07-17",3340,3900,3335,3500,10287796
"2018-07-18",3545,3610,3165,3165,2030668
"2018-07-19",3155,3230,2890,2945,1058692
"2018-07-20",2800,3465,2775,3095,5477577
"2018-07-23",3150,3690,3040,3470,10007405
"2018-07-24",3475,3530,3235,3390,2472679
"2018-07-25",3530,3895,3260,3270,9177233
"2018-07-26",3270,3550,3155,3500,3043820
"2018-07-27",3470,3695,3400,3680,2688485
"2018-07-30",3980,4080,3650,3650,4306983
"2018-07-31",3600,3930,3535,3810,3611603
"2018-08-01",3795,3890,3755,3765,1234788
"2018-08-02",3780,4070,3670,3735,4666887
"2018-08-03",3965,4030,3770,3785,2406240
"2018-08-06",3750,3845,3675,3755,1064838
"2018-08-07",3920,4030,3735,3755,1985167
"2018-08-08",3800,3850,3680,3680,730204
"2018-08-09",3625,3690,3530,3600,720296
"2018-08-10",3570,3590,3355,3420,641545
"2018-08-13",3390,3490,3240,3285,537237
"2018-08-14",3285,3610,3260,3400,1115262
"2018-08-16",3365,3380,3150,3200,836748
"2018-08-17",3235,3285,3150,3180,421254
"2018-08-20",3390,3740,3390,3585,6248883
"2018-08-21",3570,3625,3500,3610,915500
"2018-08-22",3570,3635,3485,3635,887486
"2018-08-23",3680,3680,3530,3540,815835
"2018-08-24",3535,3555,3425,3490,529989
"2018-08-27",3490,3555,3410,3410,360262
"2018-08-28",3400,3670,3340,3515,977488
"2018-08-29",3415,3610,3400,3470,479617
"2018-08-30",3430,3510,3430,3490,203045
"2018-08-31",3500,3550,3400,3410,390632
"2018-09-03",3365,3410,3300,3310,339793
"2018-09-04",3285,3455,3275,3445,493763
"2018-09-05",3400,3565,3400,3520,746531
"2018-09-06",3490,3550,3390,3400,313648
"2018-09-07",3390,3470,3310,3320,189020
"2018-09-10",3320,3395,3295,3310,186591
"2018-09-11",3280,3340,3220,3230,285009
"2018-09-12",3305,3305,3185,3240,244045
"2018-09-13",3240,3290,3200,3215,141399
"2018-09-14",3255,3255,3130,3145,262385
"2018-09-17",3150,3180,3035,3060,163035
"2018-09-18",3055,3055,2980,3005,160820
"2018-09-19",3015,3145,2970,3110,271581
"2018-09-20",3105,3620,3050,3210,4854892
"2018-09-21",3170,3485,3150,3270,1261964
"2018-09-27",3250,3410,3225,3330,350854
"2018-09-28",3305,3580,3305,3520,2862868
"2018-10-01",3500,3590,3460,3540,1054025
"2018-10-02",3540,3620,3460,3470,887363
"2018-10-04",3500,3630,3450,3630,686361
"2018-10-05",3555,3650,3445,3620,842778
"2018-10-08",3640,3695,3400,3405,582998
"2018-10-10",3485,3485,3080,3080,674205
"2018-10-11",2940,3020,2790,2920,643669
"2018-10-12",2810,3075,2810,3015,229359
"2018-10-15",3015,3045,2975,2975,142093
"2018-10-16",3030,3045,2995,3025,71908
"2018-10-17",3055,3130,3025,3100,162929
"2018-10-18",3120,3120,2980,3050,112579
"2018-10-19",3000,3045,2930,3015,66854
"2018-10-22",2940,3000,2890,2905,146157
"2018-10-23",2905,2940,2785,2785,130606
"2018-10-24",2830,3110,2805,2850,527242
"2018-10-25",2715,2825,2715,2760,116241
"2018-10-26",2770,2895,2700,2780,101990
"2018-10-29",2700,2825,2700,2715,175588
"2018-10-30",2660,2870,2660,2810,167457
"2018-10-31",2805,3030,2805,2920,131063
"2018-11-01",2950,3010,2930,2940,113134
"2018-11-02",2950,3200,2950,3060,149320
"2018-11-05",3095,3155,3015,3095,85207
"2018-11-06",3060,3125,3055,3075,91362
"2018-11-07",3080,3160,3065,3075,117487
"2018-11-08",3135,3165,3100,3120,96385
"2018-11-09",3120,3455,3120,3180,946136
"2018-11-12",3155,3255,3130,3210,186409
"2018-11-13",3160,3210,3040,3135,144475
"2018-11-14",3200,3200,3065,3075,104915
"2018-11-15",3065,3185,3005,3100,66411
"2018-11-16",3115,3140,3020,3080,76226
"2018-11-19",3065,3075,3015,3025,117109
"2018-11-20",2955,3015,2900,2955,97476
"2018-11-21",2905,2945,2850,2890,72141
"2018-11-22",2865,2920,2760,2785,177206
"2018-11-23",2785,2845,2765,2780,43544
"2018-11-26",2890,2980,2700,2790,145136
"2018-11-27",2760,2875,2755,2790,40882
"2018-11-28",2775,2885,2775,2810,72879
"2018-11-29",2825,2870,2750,2815,89400
"2018-11-30",2770,2890,2760,2810,37420
"2018-12-03",2810,2880,2800,2815,91929
"2018-12-04",2850,2860,2815,2835,37360
"2018-12-05",2775,2820,2775,2795,81924
"2018-12-06",2795,2845,2780,2795,90783
"2018-12-07",2780,2840,2760,2780,45700
"2018-12-10",2725,2780,2715,2715,31013
"2018-12-11",2700,2750,2660,2685,66982
"2018-12-12",2640,2740,2640,2650,48525
"2018-12-13",2655,2710,2650,2695,48564
"2018-12-14",2665,2685,2615,2640,51226
"2018-12-17",2640,2640,2510,2595,54897
"2018-12-18",2510,2620,2510,2540,50571
"2018-12-19",2505,2680,2505,2575,48588
"2018-12-20",2540,2690,2540,2615,52512
"2018-12-21",2550,2665,2545,2590,47945
"2018-12-24",2635,3200,2595,2800,4983163
"2018-12-26",2795,3190,2755,2925,4089409
"2018-12-27",2925,2965,2805,2885,574608
"2018-12-28",2880,3035,2775,2775,796368
"2019-01-02",2800,2840,2720,2770,317289
"2019-01-03",2825,3030,2735,2895,1319414
"2019-01-04",2890,3010,2845,2945,780250
"2019-01-07",2980,2980,2910,2945,203544
"2019-01-08",2975,3070,2930,2930,498541
"2019-01-09",2960,2990,2905,2930,81074
"2019-01-10",2975,2980,2880,2955,149430
"2019-01-11",2945,2975,2905,2955,146874
"2019-01-14",3020,3020,2940,2950,157587
"2019-01-15",2935,2950,2900,2930,96527
"2019-01-16",2945,2995,2880,2975,203491
"2019-01-17",2960,3005,2925,2965,137461
"2019-01-18",2965,2975,2915,2935,124737
"2019-01-21",2935,2945,2790,2840,175257
"2019-01-22",2840,2850,2800,2830,86977
"2019-01-23",2780,2965,2780,2955,181256
"2019-01-24",2960,2990,2900,2935,138581
"2019-01-25",2935,3015,2930,2990,218698
"2019-01-28",2980,3065,2940,2955,123812
"2019-01-29",2955,3175,2890,3160,460520
"2019-01-30",3135,3140,3000,3035,369990
"2019-01-31",3035,3240,3035,3195,357375
"2019-02-01",3190,3375,3155,3215,711533
"2019-02-07",3220,3285,3180,3250,205278
"2019-02-08",3265,3590,3250,3450,2884179
"2019-02-11",3435,3575,3390,3500,640130
"2019-02-12",3500,3685,3480,3590,895339
"2019-02-13",3570,3625,3490,3550,321023
"2019-02-14",3550,3565,3380,3515,265937
"2019-02-15",3550,3580,3455,3505,213958
"2019-02-18",3565,3670,3440,3530,716007
"2019-02-19",3550,3580,3440,3440,221286
"2019-02-20",3470,3470,3285,3350,364634
"2019-02-21",3350,3375,3240,3270,241117
"2019-02-22",3275,3320,3225,3225,198107
"2019-02-25",3235,3325,3215,3315,109377
"2019-02-26",3370,3375,3205,3260,243337
"2019-02-27",3370,3370,3155,3185,311651
"2019-02-28",3240,3240,3000,3050,354890
"2019-03-04",3100,3145,3015,3030,206039
"2019-03-05",3005,3060,2910,2980,203988
"2019-03-06",3010,3025,2965,3015,80331
"2019-03-07",3050,3250,2985,2995,308710
"2019-03-08",2955,3015,2950,2960,77253
"2019-03-11",2960,2960,2875,2915,84999
"2019-03-12",2915,2960,2870,2915,103189
"2019-03-13",2910,2940,2870,2915,103498
"2019-03-14",2890,3010,2890,2990,92150
"2019-03-15",2955,3060,2930,2940,153967
"2019-03-18",2930,2975,2930,2965,176117
"2019-03-19",2995,2995,2940,2965,60613
"2019-03-20",2935,2995,2830,2885,198243
"2019-03-21",2845,2950,2835,2945,88898
"2019-03-22",2945,2960,2865,2885,128378
"2019-03-25",2885,2910,2815,2860,79930
"2019-03-26",2865,2870,2815,2860,84857
"2019-03-27",2860,2945,2860,2880,95665
"2019-03-28",2915,2930,2875,2915,105791
"2019-03-29",2980,3055,2920,2965,442148
"2019-04-01",2960,3055,2955,3020,184551
"2019-04-02",3035,3105,2965,3105,441338
"2019-04-03",3205,3230,3015,3030,639422
"2019-04-04",3050,3065,2970,2990,237061
"2019-04-05",3000,3010,2930,2970,174046
"2019-04-08",2985,3075,2950,3025,175628
"2019-04-09",3030,3060,2985,3015,190470
"2019-04-10",3010,3075,3010,3060,237549
"2019-04-11",3075,3130,3035,3100,371954
"2019-04-12",3105,3300,3105,3295,1218578
"2019-04-15",3305,3350,3230,3250,572100
"2019-04-16",3250,3310,3160,3210,309861
"2019-04-17",3210,3245,3160,3195,302006
"2019-04-18",3345,3445,3150,3220,1769763
"2019-04-19",3220,3225,3105,3115,245807
"2019-04-22",3140,3200,3100,3190,340213
"2019-04-23",3230,3310,3200,3205,1139974
"2019-04-24",3215,3225,3150,3170,253203
"2019-04-25",3165,3185,3095,3110,202575
"2019-04-26",3130,3225,3110,3160,567558
"2019-04-29",3175,3235,3175,3210,278977
"2019-04-30",3195,3200,3145,3195,192245
"2019-05-02",3210,3230,3160,3170,187835
"2019-05-03",3170,3185,3110,3145,231609
"2019-05-07",3125,3125,3020,3040,134571
"2019-05-08",3010,3130,3010,3070,128637
"2019-05-09",3075,3120,2975,3020,190884
"2019-05-10",2990,3035,2900,2980,153862
"2019-05-13",3065,3065,2940,2980,108697
"2019-05-14",2900,2980,2900,2940,84654
"2019-05-15",2920,3070,2900,3050,292470
"2019-05-16",3030,3050,2870,2920,339687
"2019-05-17",2945,2950,2770,2795,272670
"2019-05-20",2785,2820,2655,2690,277151
"2019-05-21",2710,2735,2675,2710,109122
"2019-05-22",2750,2750,2675,2690,100765
"2019-05-23",2670,2690,2570,2590,197812
"2019-05-24",2590,2590,2510,2560,115542
"2019-05-27",2535,2605,2510,2595,81130
"2019-05-28",2560,2665,2550,2645,103868
"2019-05-29",2690,2690,2555,2595,134045
"2019-05-30",2695,2695,2600,2625,206081
"2019-05-31",2630,2640,2550,2635,58226
"2019-06-03",2570,2625,2570,2595,51882
"2019-06-04",2590,2640,2580,2595,104102
"2019-06-05",2660,2675,2610,2655,98377
"2019-06-07",2655,2685,2620,2670,38151
"2019-06-10",2675,2685,2635,2660,50184
"2019-06-11",2640,2675,2630,2660,84788
"2019-06-12",2660,2730,2645,2710,126860
"2019-06-13",2830,3190,2780,2820,4995219
"2019-06-14",2820,2820,2710,2760,588029
"2019-06-17",2870,2880,2765,2765,672803
"2019-06-18",2740,2800,2740,2745,187353
"2019-06-19",2760,2780,2710,2715,217154
"2019-06-20",2715,2755,2695,2750,212481
"2019-06-21",2765,2770,2715,2745,127340
"2019-06-24",2750,2775,2730,2730,58610
"2019-06-25",2685,2755,2665,2700,186002
"2019-06-26",2705,2705,2645,2665,93128
"2019-06-27",2650,2695,2645,2675,95704
"2019-06-28",2655,2690,2615,2615,77308
"2019-07-01",2615,2650,2605,2640,41221
"2019-07-02",2620,2655,2615,2650,37038
"2019-07-03",2650,2680,2600,2650,90386
"2019-07-04",2685,2685,2620,2660,47408
"2019-07-05",2660,2690,2635,2665,51179
"2019-07-08",2630,2680,2560,2565,69117
"2019-07-09",2535,2590,2530,2540,86411
"2019-07-10",2505,2590,2505,2580,45627
"2019-07-11",2565,2615,2555,2600,43170
"2019-07-12",2600,2665,2600,2640,47300
"2019-07-15",2645,2660,2595,2605,39851
"2019-07-16",2590,2650,2590,2620,37622
"2019-07-17",2600,2625,2555,2555,79786
"2019-07-18",2545,2600,2545,2580,48134
"2019-07-19",2595,2600,2560,2595,15416
"2019-07-22",2610,2615,2570,2595,16791
"2019-07-23",2560,2665,2560,2610,64206
"2019-07-24",2610,2635,2565,2585,36323
"2019-07-25",2585,2590,2500,2520,68638
"2019-07-26",2495,2535,2440,2440,63189
"2019-07-29",2345,2500,2245,2265,193942
"2019-07-30",2265,2720,2265,2465,1163733
"2019-07-31",2465,2590,2385,2525,244768
"2019-08-01",2490,2510,2400,2400,99649
"2019-08-02",2330,2420,2330,2385,50372
"2019-08-05",2385,2410,2190,2200,142226
"2019-08-06",2060,2245,2005,2100,146556
"2019-08-07",2080,2250,2080,2205,126819
"2019-08-08",2260,2380,2235,2350,73967
"2019-08-09",2405,2435,2290,2380,42787
"2019-08-12",2380,2485,2360,2385,52776
"2019-08-13",2340,2425,2340,2420,27238
"2019-08-14",2430,2440,2365,2375,46060
"2019-08-16",2375,2395,2290,2340,40622
"2019-08-19",2330,2450,2320,2365,56016
"2019-08-20",2395,2410,2370,2395,16931
"2019-08-21",2405,2430,2380,2405,40073
"2019-08-22",2420,2510,2385,2405,106217
"2019-08-23",2405,2510,2365,2510,106067
"2019-08-26",2555,2685,2230,2450,658710
"2019-08-27",2450,2590,2450,2530,286393
"2019-08-28",2475,2525,2460,2485,59842
"2019-08-29",2500,2510,2445,2485,66002
"2019-08-30",2495,2525,2475,2475,57259
"2019-09-02",2430,2485,2430,2485,17208
"2019-09-03",2485,2500,2435,2460,30527
"2019-09-04",2405,2475,2385,2450,43233
"2019-09-05",2455,2505,2425,2480,70889
"2019-09-06",2475,2510,2440,2450,20947
"2019-09-09",2450,2465,2415,2425,19923
"2019-09-10",2445,2455,2420,2430,26882
"2019-09-11",2450,2450,2410,2420,47316
"2019-09-16",2435,2435,2385,2415,36878
"2019-09-17",2400,2440,2380,2440,54814
"2019-09-18",2435,2450,2410,2435,45698
"2019-09-19",2450,2455,2380,2415,88362
"2019-09-20",2395,2420,2395,2415,35884
"2019-09-23",2425,2425,2350,2370,48342
"2019-09-24",2370,2385,2310,2350,92968
"2019-09-25",2345,2400,2310,2340,105117
"2019-09-26",2345,2380,2285,2310,124514
"2019-09-27",2330,2330,2255,2315,79486
"2019-09-30",2280,2305,2255,2255,38734
"2019-10-01",2230,2320,2230,2275,69468
"2019-10-02",2315,2315,2265,2310,81296
"2019-10-04",2400,2810,2310,2310,3736559
"2019-10-07",2315,2350,2255,2255,368211
"2019-10-08",2215,2290,2200,2230,260563
"2019-10-10",2205,2250,2200,2250,70593
"2019-10-11",2245,2270,2225,2230,85309
"2019-10-14",2215,2280,2215,2255,75929
"2019-10-15",2235,2350,2230,2255,383333
"2019-10-16",2250,2290,2245,2265,89238
"2019-10-17",2255,2275,2235,2265,54695
"2019-10-18",2260,2265,2235,2250,59439
"2019-10-21",2235,2250,2225,2235,29044
"2019-10-22",2235,2295,2210,2295,159519
"2019-10-23",2420,2480,2245,2265,531503
"2019-10-24",2280,2280,2220,2245,65698
"2019-10-25",2245,2255,2210,2230,56296
"2019-10-28",2245,2245,2200,2215,77290
"2019-10-29",2225,2250,2205,2230,70007
"2019-10-30",2240,2245,2200,2220,79603
"2019-10-31",2205,2250,2200,2200,61866
"2019-11-01",2230,2235,2175,2205,119387
"2019-11-04",2205,2210,2180,2190,52118
"2019-11-05",2200,2200,2165,2165,120330
"2019-11-06",2180,2185,2160,2165,39181
"2019-11-07",2160,2190,2160,2180,27680
"2019-11-08",2165,2200,2165,2195,45212
"2019-11-11",2200,2205,2165,2185,35377
"2019-11-12",2190,2215,2165,2195,52232
"2019-11-13",2200,2225,2180,2190,39908
"2019-11-14",2175,2200,2150,2170,54860
"2019-11-15",2170,2170,2110,2125,100004
"2019-11-18",2120,2160,2085,2140,61470
"2019-11-19",2110,2135,2070,2080,66376
"2019-11-20",2075,2160,2060,2090,56206
"2019-11-21",2095,2115,2025,2050,45076
"2019-11-22",2035,2080,2015,2050,37203
"2019-11-25",2025,2060,2020,2040,45758
"2019-11-26",2035,2095,2035,2035,116311
"2019-11-27",2045,2095,2030,2040,72266
"2019-11-28",2060,2060,2030,2040,26537
"2019-11-29",2055,2065,2025,2030,33729
"2019-12-02",2015,2050,2015,2025,33626
"2019-12-03",2015,2070,2010,2060,54643
"2019-12-04",2120,2135,2055,2130,217394
"2019-12-05",2215,2355,2040,2040,744633
"2019-12-06",2040,2060,2025,2055,39255
"2019-12-09",2030,2110,2030,2035,23883
"2019-12-10",2035,2085,2030,2035,64792
"2019-12-11",2045,2060,2010,2040,34719
"2019-12-12",2030,2060,2020,2040,67390
"2019-12-13",2050,2050,2000,2020,190707
"2019-12-16",2025,2060,2010,2055,26030
"2019-12-17",2085,2085,2000,2020,158206
"2019-12-18",2015,2050,1995,2010,97931
"2019-12-19",2010,2055,1995,2025,158441
"2019-12-20",2005,2025,1975,1980,221269
"2019-12-23",1985,1995,1935,1935,66366
"2019-12-24",1935,1960,1910,1920,46259
"2019-12-26",1905,1930,1890,1915,94841
"2019-12-27",1960,1965,1920,1960,50043
"2019-12-30",1960,1970,1930,1960,38949
"2020-01-02",1960,1970,1940,1960,46972
"2020-01-03",1960,1980,1950,1965,78551
"2020-01-06",1965,1965,1925,1950,47651
"2020-01-07",1915,1960,1915,1940,18842
"2020-01-08",1910,1930,1860,1860,95193
"2020-01-09",1880,1940,1865,1905,29554
"2020-01-10",1905,1935,1895,1905,28531
"2020-01-13",1935,1990,1920,1985,160276
"2020-01-14",1990,1995,1950,1955,73918
"2020-01-15",1950,1975,1905,1945,61106
"2020-01-16",1955,1975,1935,1945,35133
"2020-01-17",1975,1975,1930,1950,23400
"2020-01-20",1960,1970,1930,1950,28478
"2020-01-21",1955,1970,1900,1920,96808
"2020-01-22",1955,1955,1910,1940,76335
"2020-01-23",1980,1995,1920,1955,152408
"2020-01-28",1890,1915,1845,1860,143071
"2020-01-29",1860,1880,1850,1870,41731
"2020-01-30",1870,1890,1810,1830,70189
"2020-01-31",1825,1830,1725,1725,215701
"2020-02-03",1715,1715,1610,1665,110876
"2020-02-04",1665,1715,1650,1670,139894
"2020-02-05",1670,1735,1665,1680,112672
"2020-02-06",1715,1740,1690,1735,67270
"2020-02-07",1735,1765,1725,1740,94981
"2020-02-10",1745,1760,1715,1740,45742
"2020-02-11",1740,1775,1680,1690,211312
"2020-02-12",1705,1780,1680,1715,211281
"2020-02-13",1715,1750,1690,1690,141538
"2020-02-14",1690,1730,1670,1695,107131
"2020-02-17",1685,1705,1660,1660,102699
"2020-02-18",1660,1680,1645,1655,74182
"2020-02-19",1665,1695,1625,1670,79623
"2020-02-20",1675,1710,1640,1645,130781
"2020-02-21",1645,1665,1585,1620,132319
"2020-02-24",1615,1805,1535,1580,1962975
"2020-02-25",1530,1580,1405,1510,229084
"2020-02-26",1590,1610,1515,1530,152280
"2020-02-27",1530,1560,1470,1475,86267
"2020-02-28",1450,1480,1370,1375,134707
"2020-03-02",1400,1400,1320,1345,153273
"2020-03-03",1365,1475,1365,1420,198761
"2020-03-04",1420,1485,1400,1485,85831
"2020-03-05",1500,1925,1485,1735,10608835
"2020-03-06",1690,1765,1600,1650,1864100
"2020-03-09",1645,1915,1645,1765,11498200
"2020-03-10",1710,1735,1605,1650,1552053
"2020-03-11",1665,1875,1595,1620,5568230
"2020-03-12",1600,1705,1405,1430,1132206
"2020-03-13",1325,1360,1080,1165,874440
"2020-03-16",1180,1230,1140,1140,622965
"2020-03-17",1005,1150,1005,1065,585777
"2020-03-18",1070,1130,990,1005,445902
"2020-03-19",1015,1055,801,822,545825
"2020-03-20",788,954,788,918,393712
"2020-03-23",847,916,832,879,256378
"2020-03-24",878,926,878,918,225539
"2020-03-25",1000,1000,942,975,172455
"2020-03-26",975,1140,974,1075,463605
"2020-03-27",1100,1130,1010,1070,453864
"2020-03-30",1070,1095,1025,1095,335557
"2020-03-31",1235,1295,1140,1155,968439
"2020-04-01",1160,1345,1130,1200,1564891
"2020-04-02",1200,1225,1100,1205,244503
"2020-04-03",1205,1230,1150,1190,170435
"2020-04-06",1190,1265,1190,1240,457031
"2020-04-07",1270,1275,1210,1265,384135
"2020-04-08",1265,1275,1205,1275,361321
"2020-04-09",1300,1325,1260,1275,278533
"2020-04-10",1290,1500,1240,1500,1199873
"2020-04-13",1425,1500,1375,1375,849822
"2020-04-14",1380,1575,1375,1420,1543137
"2020-04-16",1410,1450,1380,1435,223224
"2020-04-17",1455,1465,1415,1460,233806
"2020-04-20",1460,1550,1415,1550,529410
"2020-04-21",1645,1650,1335,1485,856631
"2020-04-22",1440,1495,1420,1475,128288
"2020-04-23",1480,1625,1475,1595,1066202
"2020-04-24",1585,1595,1520,1535,379986
"2020-04-27",1540,1600,1530,1595,338789
"2020-04-28",1580,1640,1550,1595,338900
"2020-04-29",1595,1630,1570,1585,251373
"2020-05-04",1575,1590,1525,1580,117093
"2020-05-06",1580,1640,1560,1605,453063
"2020-05-07",1645,1645,1605,1620,295681
"2020-05-08",1630,1670,1600,1620,223898
"2020-05-11",1620,1620,1525,1545,332731
"2020-05-12",1545,1585,1510,1570,124965
"2020-05-13",1570,1570,1530,1550,58744
"2020-05-14",1525,1545,1500,1510,146195
"2020-05-15",1510,1535,1495,1530,49113
"2020-05-18",1530,1535,1450,1475,154248
"2020-05-19",1500,1520,1485,1520,69103
"2020-05-20",1520,1530,1495,1525,93491
"2020-05-21",1540,1580,1510,1550,169155
"2020-05-22",1550,1585,1505,1530,122370
"2020-05-25",1530,1560,1500,1510,79405
"2020-05-26",1535,1535,1485,1515,76230
"2020-05-27",1505,1540,1505,1525,81118
"2020-05-28",1530,1575,1490,1520,202114
"2020-05-29",1530,1535,1475,1495,50195
"2020-06-01",1500,1535,1500,1525,76228
"2020-06-02",1550,1550,1515,1520,62968
"2020-06-03",1520,1540,1495,1505,74674
"2020-06-04",1500,1515,1450,1460,79049
"2020-06-05",1475,1505,1465,1495,67544
"2020-06-08",1495,1510,1470,1485,110788
"2020-06-09",1490,1490,1435,1440,133149
"2020-06-10",1445,1455,1400,1440,95679
"2020-06-11",1420,1450,1380,1405,76517
"2020-06-12",1355,1355,1290,1310,250364
"2020-06-15",1260,1520,1250,1255,1122963
"2020-06-16",1260,1380,1260,1355,170498
"2020-06-17",1320,1375,1295,1310,65238
"2020-06-18",1295,1340,1290,1300,43761
"2020-06-19",1340,1360,1295,1320,49647
"2020-06-22",1325,1335,1290,1300,34629
"2020-06-23",1300,1320,1260,1270,61021
"2020-06-24",1265,1315,1265,1290,46047
"2020-06-25",1295,1295,1255,1275,19470
"2020-06-26",1300,1310,1260,1270,34368
"2020-06-29",1260,1265,1225,1235,31887
"2020-06-30",1235,1275,1225,1265,24349
"2020-07-01",1250,1295,1230,1270,18881
"2020-07-02",1270,1275,1235,1275,25168
"2020-07-03",1275,1280,1250,1275,21943
"2020-07-06",1280,1295,1250,1265,24742
"2020-07-07",1250,1270,1230,1235,48358
"2020-07-08",1235,1235,1200,1200,64730
"2020-07-09",1205,1205,1150,1160,143470
"2020-07-10",1150,1165,1140,1155,28807
"2020-07-13",1170,1250,1155,1220,116774
"2020-07-14",1215,1540,1200,1325,2571963
"2020-07-15",1330,1360,1285,1305,324149
"2020-07-16",1320,1535,1320,1420,2128594
"2020-07-17",1390,1425,1380,1425,201812
"2020-07-20",1430,1430,1385,1385,153132
"2020-07-21",1385,1385,1325,1355,168442
"2020-07-22",1340,1350,1320,1320,76706
"2020-07-23",1315,1320,1260,1300,163049
"2020-07-24",1295,1300,1270,1270,133201
"2020-07-27",1260,1345,1260,1330,102111
"2020-07-28",1345,1345,1265,1290,108420
"2020-07-29",1285,1295,1265,1295,68869
"2020-07-30",1305,1305,1265,1280,154913
"2020-07-31",1290,1290,1240,1245,138604
"2020-08-03",1245,1260,1200,1220,110993
"2020-08-04",1230,1265,1220,1245,100424
"2020-08-05",1245,1280,1245,1275,33941
"2020-08-06",1275,1330,1245,1300,183550
"2020-08-07",1290,1345,1255,1345,467430
"2020-08-10",1290,1315,1280,1285,162716
"2020-08-11",1285,1300,1260,1275,67330
"2020-08-12",1260,1280,1240,1270,142770
"2020-08-13",1275,1315,1265,1280,123310
"2020-08-14",1280,1295,1245,1250,94240
"2020-08-18",1250,1260,1170,1170,144216
"2020-08-19",1150,1200,1150,1180,70697
"2020-08-20",1190,1190,1080,1110,97953
"2020-08-21",1100,1205,1090,1170,114416
"2020-08-24",1170,1185,1145,1185,25494
"2020-08-25",1185,1195,1160,1190,31268
"2020-08-26",1190,1310,1155,1230,506654
"2020-08-27",1245,1290,1205,1240,149235
"2020-08-28",1265,1350,1240,1315,559860
"2020-08-31",1345,1490,1310,1420,2125224
"2020-09-01",1405,1405,1310,1330,430043
"2020-09-02",1340,1415,1305,1365,365085
"2020-09-03",1340,1385,1315,1365,158952
"2020-09-04",1300,1370,1300,1320,214969
"2020-09-07",1360,1365,1315,1335,77128
"2020-09-08",1375,1375,1330,1330,189873
"2020-09-09",1330,1340,1300,1310,138779
"2020-09-10",1320,1435,1305,1350,601942
"2020-09-11",1630,1755,1565,1755,24325342
"2020-09-14",1800,1925,1680,1740,9975002
"2020-09-15",1760,1860,1655,1705,6521440
"2020-09-16",1870,2170,1755,1810,19941091
"2020-09-17",1845,1850,1720,1730,1341889
"2020-09-18",1690,1740,1655,1710,782874
"2020-09-21",1665,1680,1555,1570,843818
"2020-09-22",1555,1605,1465,1530,622013
"2020-09-23",1535,1540,1395,1485,836514
"2020-09-24",1450,1460,1400,1450,763938
"2020-09-25",1730,1790,1440,1440,6790067
"2020-09-28",1465,1510,1465,1495,497607
"2020-09-29",1500,1565,1465,1505,554971
"2020-10-05",1520,1585,1485,1585,447065
"2020-10-06",1630,1635,1555,1575,722165
"2020-10-07",1585,1630,1550,1615,371437
"2020-10-08",1630,1720,1625,1685,819239
"2020-10-12",1760,1800,1700,1740,1109221
"2020-10-13",1785,1785,1675,1725,466527
"2020-10-14",1725,1725,1645,1660,471254
"2020-10-15",1640,1700,1615,1700,273232
"2020-10-16",1735,2155,1700,1810,29913960
"2020-10-19",1805,1810,1650,1670,2497373
"2020-10-20",1650,1650,1510,1555,1732517
"2020-10-21",1550,1640,1525,1615,803966
"2020-10-22",1605,1815,1605,1685,4710684
"2020-10-23",1685,1845,1675,1745,2022250
"2020-10-26",1730,1860,1680,1780,2154633
"2020-10-27",1805,2185,1745,1945,28688984
"2020-10-28",1910,2020,1890,1995,4803170
"2020-10-29",1910,1950,1870,1925,1461826
"2020-10-30",1900,1905,1755,1760,1320089
"2020-11-02",1730,1850,1725,1850,694400
"2020-11-03",1875,1895,1800,1830,518208
"2020-11-04",1845,1845,1765,1815,467971
"2020-11-05",1850,2185,1820,1905,14613855
"2020-11-06",1920,2055,1850,2010,4963415
"2020-11-09",2010,2610,1975,2610,35956741
"2020-11-10",2525,2690,2410,2530,17411028
"2020-11-11",2490,2570,2360,2485,7333044
"2020-11-12",2590,2625,2265,2265,9834928
"2020-11-13",2230,2235,2120,2190,2330982
"2020-11-16",2185,2185,2110,2150,1429535
"2020-11-17",2125,2225,2090,2225,1931489
"2020-11-18",2230,2255,2175,2215,1055020
"2020-11-19",2205,2210,2140,2165,713327
"2020-11-20",2200,2230,2150,2200,668654
"2020-11-23",2220,2225,2150,2200,683507
"2020-11-24",2200,2225,2150,2205,594964
"2020-11-25",2215,2270,2160,2205,1336489
"2020-11-26",2225,2430,2180,2300,6049325
"2020-11-27",2250,2330,2230,2290,966094
"2020-11-30",2300,2310,2245,2260,515947
"2020-12-01",2250,2325,2230,2315,674981
"2020-12-02",2335,2335,2275,2315,483374
"2020-12-03",2295,2340,2285,2285,566495
"2020-12-04",2275,2285,2135,2190,838088
"2020-12-07",2230,2355,2145,2195,2145642
"2020-12-08",2220,2220,2155,2155,466641
"2020-12-09",2155,2200,2145,2170,262961
"2020-12-10",2160,2165,2120,2120,319185
"2020-12-11",2150,2150,2055,2140,293376
"2020-12-14",2180,2185,2110,2170,275427
"2020-12-15",2170,2205,2140,2195,164130
"2020-12-16",2200,2510,2160,2410,14332707
"2020-12-17",2355,2445,2310,2350,3077369
"2020-12-18",2380,2500,2320,2440,5128465
"2020-12-21",2385,2500,2350,2430,3274343
"2020-12-22",2430,2430,2255,2265,1011824
"2020-12-23",2270,2315,2120,2130,844801
"2020-12-24",2125,2185,2125,2145,275632
"2020-12-28",2145,2180,1970,2005,997024
"2020-12-29",1960,2085,1960,2075,435319
"2020-12-30",2095,2170,2055,2135,283705
"2021-01-04",2135,2205,2080,2145,349769
"2021-01-05",2145,2165,2105,2150,253662
"2021-01-06",2200,2210,2060,2145,321472
"2021-01-07",2150,2240,2125,2195,698548
"2021-01-08",2220,2220,2110,2110,313254
"2021-01-11",2140,2140,2045,2050,267017
"2021-01-12",2070,2100,2000,2055,119177
"2021-01-13",2055,2095,2005,2080,151041
"2021-01-14",2085,2125,2080,2095,89808
"2021-01-15",2095,2120,2050,2085,210049
"2021-01-18",2095,2170,2050,2120,217111
"2021-01-19",2120,2330,2100,2270,2239967
"2021-01-20",2275,2350,2220,2305,939688
"2021-01-21",2305,2365,2285,2345,658574
"2021-01-22",2345,2485,2310,2455,1062441
"2021-01-25",2285,2395,2240,2385,1119430
"2021-01-26",2260,2265,2110,2110,2061425
"2021-01-27",2120,2155,2100,2110,286789
"2021-01-28",2075,2135,2050,2100,205490
"2021-01-29",2100,2140,2005,2045,212252
"2021-02-01",1980,2390,1960,2120,2866772
"2021-02-02",2090,2125,2060,2090,270863
"2021-02-03",2090,2120,2040,2070,184944
"2021-02-04",2070,2085,2030,2030,142723
"2021-02-05",2025,2040,2000,2035,116373
"2021-02-08",2035,2040,1995,2000,117935
"2021-02-09",2000,2045,1995,2010,84622
"2021-02-10",2020,2020,1965,1970,149388
"2021-02-15",1975,2000,1970,1985,142406
"2021-02-16",2005,2020,1970,1990,182516
"2021-02-17",1990,2015,1965,1995,93240
"2021-02-18",2000,2020,1975,2020,129648
"2021-02-19",2020,2025,1965,2015,110575
"2021-02-22",2020,2040,1980,1980,125467
"2021-02-23",1980,1985,1940,1980,95488
"2021-02-24",1980,1980,1895,1940,122526
"2021-02-25",1950,1950,1880,1900,138777
"2021-02-26",1850,1860,1770,1825,202237
"2021-03-02",1825,1830,1790,1800,117132
"2021-03-03",1800,1985,1800,1885,321353
"2021-03-04",1895,1895,1805,1875,138500
"2021-03-05",1865,1870,1815,1855,58162
"2021-03-08",1855,1855,1820,1830,48741
"2021-03-09",1810,1830,1760,1775,102278
"2021-03-10",1780,1830,1740,1740,55975
"2021-03-11",1740,1960,1740,1820,413645
"2021-03-12",1825,1920,1820,1890,241597
"2021-03-15",1945,2320,1940,2065,9296992
"2021-03-16",2065,2080,2000,2025,755419
"2021-03-17",2025,2210,2005,2115,1828495
"2021-03-18",2105,2145,2070,2090,420302
"2021-03-19",2070,2105,2055,2100,203615
"2021-03-22",2100,2100,2065,2065,113474
"2021-03-23",2045,2120,2005,2010,285069
"2021-03-24",1965,2015,1960,1990,250859
"2021-03-25",1945,2075,1945,2025,253450
"2021-03-26",2065,2630,2065,2175,34201694
"2021-03-29",2175,2220,2150,2185,2468036
"2021-03-30",2215,2295,2170,2180,3638363
"2021-03-31",2180,2200,2085,2130,1050862
"2021-04-01",2140,2185,2065,2100,747748
"2021-04-02",2120,2125,2060,2080,608988
"2021-04-05",2105,2105,2035,2065,537267
"2021-04-06",2095,2105,2035,2070,450715
"2021-04-07",2060,2115,2045,2100,473331
"2021-04-08",2125,2125,2025,2040,421576
"2021-04-09",2030,2035,1965,1990,523494
"2021-04-12",1990,1995,1955,1990,201152
"2021-04-13",1990,2000,1955,1990,185182
"2021-04-14",2005,2030,1970,2030,308545
"2021-04-15",2030,2030,1945,1965,374534
"2021-04-16",1965,1980,1950,1970,161047
"2021-04-19",1970,1970,1930,1930,210080
"2021-04-20",1925,1945,1895,1940,173480
"2021-04-21",1940,1965,1920,1930,140764
"2021-04-22",1950,1955,1920,1930,146279
"2021-04-23",1930,1950,1900,1930,137211
"2021-04-26",1910,1940,1910,1915,102738
"2021-04-27",1910,1950,1890,1890,197133
"2021-04-28",1900,1910,1850,1870,179281
"2021-04-29",1870,1890,1835,1840,81731
"2021-04-30",1830,1845,1800,1800,106385
"2021-05-03",1805,1845,1765,1795,187104
"2021-05-04",1810,1815,1760,1785,88760
"2021-05-06",1800,1855,1780,1850,92997
"2021-05-07",1855,1900,1835,1880,125025
"2021-05-10",1900,1900,1835,1890,62477
"2021-05-11",1865,1870,1840,1850,70671
"2021-05-12",1835,1850,1790,1795,88125
"2021-05-13",1735,1845,1735,1780,171933
"2021-05-14",1795,1810,1775,1800,62203
"2021-05-17",1790,1820,1755,1775,80901
"2021-05-18",1760,1780,1750,1760,65085
"2021-05-20",1755,1785,1745,1780,40362
"2021-05-21",1765,1770,1710,1710,235191
"2021-05-24",1710,1710,1580,1580,346358
"2021-05-25",1580,1635,1545,1580,265055
"2021-05-26",1590,1650,1580,1645,116493
"2021-05-27",1660,1705,1635,1695,105799
"2021-05-28",1685,1750,1685,1745,227033
"2021-05-31",1745,1845,1725,1840,287899
"2021-06-01",1840,1885,1780,1825,252262
"2021-06-02",1820,1910,1820,1870,308976
"2021-06-03",1910,1910,1840,1860,138772
"2021-06-04",1880,1915,1835,1910,243643
"2021-06-07",1910,1960,1870,1950,308650
"2021-06-08",1905,1930,1870,1875,351195
"2021-06-09",1900,2030,1880,1995,917466
"2021-06-10",1970,2020,1960,1985,311943
"2021-06-11",1985,2010,1945,1970,361670
"2021-06-14",1970,2070,1970,2040,465810
"2021-06-15",2050,2105,2020,2095,579671
"2021-06-16",2100,2230,2090,2200,1429016
"2021-06-17",2205,2365,2155,2300,1487968
"2021-06-18",2315,2390,2210,2325,946880
"2021-06-21",2240,2270,2090,2260,887552
"2021-06-22",2270,2350,2200,2270,413004
"2021-06-23",2295,2330,2185,2195,437550
"2021-06-24",2165,2225,2095,2130,470498
"2021-06-25",2155,2220,2145,2185,485479
"2021-06-28",2215,2230,2165,2185,337898
"2021-06-29",2180,2190,2130,2165,257574
"2021-06-30",2165,2180,2010,2080,626561
"2021-07-01",2090,2285,2085,2230,865588
"2021-07-02",2235,2285,2060,2100,731655
"2021-07-05",2145,2145,2045,2050,250311
"2021-07-06",2080,2095,2000,2095,300708
"2021-07-07",2095,2225,2045,2185,663999
"2021-07-08",2185,2380,2185,2270,1439584
"2021-07-09",2500,2500,2040,2130,3193372
"2021-07-12",2130,2205,2085,2160,326529
"2021-07-13",2140,2210,2105,2210,467980
"2021-07-14",2220,2240,2120,2155,284760
"2021-07-15",2110,2175,2100,2105,170757
"2021-07-16",2130,2135,2075,2090,133157
"2021-07-19",2090,2120,2045,2110,462785
"2021-07-20",2095,2095,2005,2040,236580
"2021-07-21",2040,2070,1985,2000,173411
"2021-07-22",2000,2020,1970,2005,155407
"2021-07-23",2000,2080,1970,2050,140172
"2021-07-26",2070,2070,2000,2000,128802
"2021-07-27",2000,2050,2000,2025,76748
"2021-07-28",2010,2100,1985,2100,302839
"2021-07-29",2115,2170,2070,2115,171487
"2021-07-30",2110,2220,2095,2130,454368
"2021-08-02",2185,2325,2180,2190,1005348
"2021-08-03",2230,2235,2060,2115,299971
"2021-08-04",2095,2180,2060,2165,152987
"2021-08-05",2120,2190,2120,2135,281175
"2021-08-06",2145,2145,2060,2080,151955
"2021-08-09",2105,2150,2060,2135,142700
"2021-08-10",2135,2135,2060,2095,123594
"2021-08-11",2085,2095,2030,2055,72841
"2021-08-12",2025,2270,2020,2215,1255889
"2021-08-13",2215,2265,2165,2255,666007
"2021-08-17",2225,2245,2135,2180,346939
"2021-08-18",2145,2215,2135,2200,222652
"2021-08-19",2185,2285,2145,2285,420571
"2021-08-20",2250,2280,2020,2115,765909
"2021-08-23",2115,2150,2000,2110,171037
"2021-08-24",2090,2185,2090,2130,146480
"2021-08-25",2160,2160,2060,2085,178239
"2021-08-26",2085,2175,2085,2100,167922
"2021-08-27",2115,2115,2035,2075,149358
"2021-08-30",2100,2245,2100,2225,1046061
"2021-08-31",2240,2250,2105,2145,448893
"2021-09-01",2145,2145,2085,2110,196619
"2021-09-02",2115,2115,2050,2070,196297
"2021-09-03",2085,2100,2050,2095,150302
"2021-09-06",2100,2205,2100,2185,558063
"2021-09-07",2185,2190,2105,2150,198235
"2021-09-08",2150,2160,2090,2145,205817
"2021-09-09",2175,2270,2110,2135,681236
"2021-09-10",2135,2325,2055,2155,3703583
"2021-09-13",2130,2170,2035,2055,726544
"2021-09-14",2055,2090,2035,2060,298770
"2021-09-15",2060,2180,2030,2110,478796
"2021-09-16",2285,2300,2060,2100,2614632
"2021-09-17",2100,2100,2035,2075,431996
"2021-09-23",2070,2070,2010,2020,226758
"2021-09-24",2055,2055,2010,2030,193011
"2021-09-27",2010,2025,1960,1980,277884
"2021-09-28",1980,1980,1870,1880,399016
"2021-09-29",1880,1935,1810,1930,330006
"2021-09-30",1935,1950,1850,1950,258565
"2021-10-01",1920,1945,1860,1905,130082
"2021-10-05",1870,1905,1780,1855,159218
"2021-10-06",1840,1875,1765,1805,135308
"2021-10-07",1810,1935,1795,1895,209964
"2021-10-08",1905,1925,1820,1840,125383
"2021-10-12",1850,1850,1785,1785,76998
"2021-10-13",1785,1840,1750,1820,86998
"2021-10-14",1820,1840,1780,1825,103420
"2021-10-15",1830,1845,1800,1825,88791
"2021-10-18",1845,1850,1800,1825,58302
"2021-10-19",1830,1835,1780,1800,55230
"2021-10-20",1830,1830,1790,1800,33169
"2021-10-21",1805,1820,1775,1795,51812
"2021-10-22",1795,1880,1770,1770,247778
"2021-10-25",1770,1890,1700,1875,799484
"2021-10-26",1835,1860,1795,1850,355988
"2021-10-27",1875,1930,1800,1820,422800
"2021-10-28",1850,1850,1750,1785,225498
"2021-10-29",1785,1835,1735,1765,167921
"2021-11-01",1745,1760,1700,1715,191640
"2021-11-02",1715,1715,1685,1710,61424
"2021-11-03",1695,1730,1680,1700,90351
"2021-11-04",1695,1705,1605,1610,199382
"2021-11-05",1610,1680,1590,1670,180000
"2021-11-08",1670,1690,1640,1675,89302
"2021-11-09",1680,1780,1675,1760,304550
"2021-11-10",1760,1760,1680,1710,125493
"2021-11-11",1650,1680,1635,1650,114567
"2021-11-12",1630,1680,1620,1635,71117
"2021-11-15",1640,1665,1630,1630,44636
"2021-11-16",1630,1670,1615,1670,60210
"2021-11-17",1680,1680,1615,1680,45065
"2021-11-18",1730,1730,1615,1615,63199
"2021-11-19",1650,1650,1460,1515,646984
"2021-11-22",1515,1520,1435,1510,160277
"2021-11-23",1520,1550,1470,1530,195650
"2021-11-24",1525,1640,1505,1560,198689
"2021-11-25",1560,1585,1480,1515,126735
"2021-11-26",1515,1530,1390,1410,261323
"2021-11-29",1390,1400,1320,1400,398690
"2021-11-30",1395,1400,1290,1355,301772
"2021-12-01",1350,1360,1300,1325,120670
"2021-12-02",1325,1405,1310,1370,118399
"2021-12-03",1380,1390,1345,1375,166087
"2021-12-06",1380,1785,1310,1555,6965754
"2021-12-07",1535,1710,1455,1505,3908721
"2021-12-08",1490,1515,1435,1455,690079
"2021-12-09",1455,1525,1430,1475,480998
"2021-12-10",1520,1525,1385,1400,648528
"2021-12-13",1420,1425,1330,1350,409273
"2021-12-14",1345,1370,1305,1320,399108
"2021-12-15",1320,1365,1300,1320,322493
"2021-12-16",1360,1360,1295,1315,160117
"2021-12-17",1315,1315,1230,1235,515297
"2021-12-20",1230,1235,1160,1185,471328
"2021-12-21",1185,1185,1130,1170,256723
"2021-12-22",1200,1220,1170,1185,241035
"2021-12-23",1195,1205,1145,1175,326675
"2021-12-24",1165,1330,1155,1235,1318717
"2021-12-27",1250,1265,1150,1175,361695
"2021-12-28",1180,1210,1145,1150,196256
"2021-12-29",1150,1185,1135,1175,121146
"2021-12-30",1170,1200,1165,1180,62315
"2022-01-03",1180,1255,1180,1235,133909
"2022-01-04",1255,1265,1205,1235,139366
"2022-01-05",1235,1235,1195,1200,172310
"2022-01-06",1190,1215,1180,1195,97706
"2022-01-07",1195,1285,1195,1225,500463
"2022-01-10",1230,1250,1180,1195,135441
"2022-01-11",1195,1205,1175,1175,113451
"2022-01-12",1175,1210,1175,1195,176783
"2022-01-13",1200,1240,1185,1220,104440
"2022-01-14",1215,1230,1160,1190,215045
"2022-01-17",1170,1190,1135,1135,230697
"2022-01-18",1130,1150,1080,1095,162663
"2022-01-19",1090,1090,1040,1070,140756
"2022-01-20",1065,1085,1035,1070,197665
"2022-01-21",1070,1115,1055,1085,221029
"2022-01-24",1075,1080,1005,1020,271560
"2022-01-25",1005,1020,949,991,293834
"2022-01-26",962,1030,962,1020,168652
"2022-01-27",1005,1020,971,993,157507
"2022-01-28",989,1015,967,1015,125770
"2022-02-03",1020,1215,999,1095,1992943
"2022-02-04",1100,1180,1065,1160,682885
"2022-02-07",1145,1145,1090,1105,198988
"2022-02-08",1110,1165,1090,1100,306870
"2022-02-09",1105,1125,1085,1110,138090
"2022-02-10",1105,1215,1095,1195,863410
"2022-02-11",1180,1265,1115,1115,1195222
"2022-02-14",1095,1110,1040,1040,221737
"2022-02-15",1030,1055,994,1025,201519
"2022-02-16",1030,1090,1030,1090,99736
"2022-02-17",1120,1145,1085,1110,208114
"2022-02-18",1110,1180,1095,1155,269367
"2022-02-21",1155,1195,1120,1180,184107
"2022-02-22",1155,1175,1100,1120,238880
"2022-02-23",1115,1160,1095,1120,104469
"2022-02-24",1120,1125,1055,1070,263474
"2022-02-25",1070,1155,1070,1140,285951
"2022-02-28",1140,1215,1135,1180,268734
"2022-03-02",1180,1235,1155,1230,496433
"2022-03-03",1235,1250,1195,1225,291430
"2022-03-04",1240,1240,1185,1210,221500
"2022-03-07",1225,1260,1165,1210,269244
"2022-03-08",1175,1245,1175,1220,200566
"2022-03-10",1215,1395,1200,1320,2132646
"2022-03-11",1300,1340,1270,1315,516676
"2022-03-14",1305,1310,1235,1290,509654
"2022-03-15",1260,1280,1225,1260,234599
"2022-03-16",1250,1260,1220,1260,192666
"2022-03-17",1250,1360,1240,1275,435100
"2022-03-18",1265,1295,1250,1295,171389
"2022-03-21",1295,1320,1265,1280,240287
"2022-03-22",1300,1360,1290,1325,482076
"2022-03-23",1325,1330,1295,1320,173937
"2022-03-24",1315,1320,1285,1305,105457
"2022-03-25",1295,1345,1290,1305,160955
"2022-03-28",1335,1335,1275,1290,107256
"2022-03-29",1280,1350,1280,1310,265445
"2022-03-30",1310,1320,1295,1320,107644
"2022-03-31",1305,1355,1305,1325,127477
"2022-04-01",1315,1445,1315,1410,1115609
"2022-04-04",1420,1435,1400,1415,276755
"2022-04-05",1435,1435,1385,1410,158779
"2022-04-06",1410,1535,1375,1535,996051
"2022-04-07",1535,1660,1475,1485,1314155
"2022-04-08",1480,1540,1465,1500,281048
"2022-04-11",1550,1550,1500,1515,175087
"2022-04-12",1530,1610,1520,1550,443362
"2022-04-13",1535,1595,1505,1550,289978
"2022-04-14",1580,1580,1495,1500,325900
"2022-04-15",1505,1560,1440,1530,335317
"2022-04-18",1510,1655,1480,1540,856552
"2022-04-19",1540,1570,1475,1510,442674
"2022-04-20",1515,1560,1470,1520,506582
"2022-04-21",1520,1520,1460,1480,202618
"2022-04-22",1480,1480,1385,1415,551394
"2022-04-25",1400,1510,1365,1475,637119
"2022-04-26",1475,1500,1435,1480,213564
"2022-04-27",1500,1590,1455,1460,779221
"2022-04-28",1425,1455,1365,1420,347310
"2022-04-29",1445,1450,1415,1415,95828
"2022-05-02",1410,1440,1360,1380,179213
"2022-05-03",1380,1390,1350,1380,102126
"2022-05-04",1380,1390,1335,1370,108061
"2022-05-06",1340,1380,1335,1345,80541
"2022-05-09",1325,1345,1295,1325,99775
"2022-05-10",1310,1325,1255,1325,180308
"2022-05-11",1325,1325,1295,1300,54195
"2022-05-12",1310,1310,1230,1235,121275
"2022-05-13",1235,1280,1220,1265,125547
"2022-05-16",1285,1320,1270,1280,63883
"2022-05-17",1285,1340,1270,1340,78878
"2022-05-18",1335,1355,1285,1315,57264
"2022-05-19",1270,1300,1230,1290,111520
"2022-05-20",1275,1300,1240,1270,87622
"2022-05-23",1270,1270,1220,1255,71465
"2022-05-24",1255,1255,1215,1245,64902
"2022-05-25",1230,1260,1225,1250,67714
"2022-05-26",1255,1300,1255,1265,75513
"2022-05-27",1270,1330,1260,1300,57606
"2022-05-30",1300,1325,1285,1315,34875
"2022-05-31",1310,1310,1270,1300,26306
"2022-06-02",1305,1310,1280,1280,43607
"2022-06-03",1270,1365,1270,1345,237276
"2022-06-07",1330,1470,1330,1420,721786
"2022-06-08",1405,1535,1385,1520,766448
"2022-06-09",1550,1620,1465,1465,666966
"2022-06-10",1505,1505,1435,1470,122844
"2022-06-13",1465,1570,1440,1495,561727
"2022-06-14",1495,1575,1415,1535,774338
"2022-06-15",1520,1560,1470,1505,259745
"2022-06-16",1495,1625,1485,1600,643031
"2022-06-17",1595,1900,1560,1805,2935677
"2022-06-20",1795,1940,1725,1825,1232309
"2022-06-21",1770,1900,1765,1850,693673
"2022-06-22",1870,1920,1800,1910,351587
"2022-06-23",1870,1925,1750,1800,466981
"2022-06-24",1765,1925,1735,1850,707796
"2022-06-27",1840,1865,1790,1850,184565
"2022-06-28",1850,2035,1820,1885,671191
"2022-06-29",1860,2000,1850,1885,377015
"2022-06-30",1940,1970,1860,1890,353286
"2022-07-01",1890,1910,1475,1500,913829
"2022-07-04",1530,1560,1410,1435,331784
"2022-07-05",1435,1515,1415,1500,198241
"2022-07-06",1505,1510,1285,1380,712119
"2022-07-07",1390,1420,1375,1405,112706
"2022-07-08",1405,1405,1355,1375,197010
"2022-07-11",1425,1430,1305,1350,249259
"2022-07-12",1345,1345,1290,1320,374596
"2022-07-13",1300,1400,1275,1360,81976
"2022-07-14",1360,1370,1310,1315,81248
"2022-07-15",1305,1315,1275,1295,46485
"2022-07-18",1295,1370,1290,1340,102262
"2022-07-19",1335,1350,1310,1315,48137
"2022-07-20",1315,1340,1285,1285,134760
"2022-07-21",1300,1325,1290,1300,316184
"2022-07-22",1310,1380,1310,1345,168218
"2022-07-25",1345,1380,1310,1345,96483
"2022-07-26",1345,1360,1315,1350,47542
"2022-07-27",1350,1350,1315,1315,84271
"2022-07-28",1325,1415,1315,1355,162673
"2022-07-29",1355,1695,1320,1520,4198010
"2022-08-01",1500,1645,1445,1490,1521892
"2022-08-02",1490,1550,1450,1505,391578
"2022-08-03",1505,1505,1460,1480,158545
"2022-08-04",1485,1495,1465,1480,107979
"2022-08-05",1490,1490,1460,1475,72379
"2022-08-08",1475,1475,1415,1425,153594
"2022-08-09",1425,1425,1385,1415,95722
"2022-08-10",1415,1415,1360,1375,145526
"2022-08-11",1390,1405,1350,1395,92475
"2022-08-12",1395,1400,1370,1385,56172
"2022-08-16",1390,1415,1335,1345,230118
"2022-08-17",1330,1355,1320,1335,85271
"2022-08-18",1330,1390,1285,1350,183585
"2022-08-19",1325,1385,1255,1325,237705
"2022-08-22",1270,1350,1270,1305,56664
"2022-08-23",1270,1315,1270,1285,67540
"2022-08-24",1280,1365,1275,1300,120245
"2022-08-25",1300,1330,1290,1325,28442
"2022-08-26",1315,1345,1310,1325,52377
"2022-08-29",1270,1310,1265,1270,82538
"2022-08-30",1265,1315,1260,1290,61400
"2022-08-31",1275,1290,1255,1290,104553
"2022-09-01",1270,1290,1250,1265,77714
"2022-09-02",1260,1270,1195,1240,271873
"2022-09-05",1210,1285,1210,1280,69443
"2022-09-06",1240,1295,1240,1285,48888
"2022-09-07",1305,1305,1250,1280,18757
"2022-09-08",1285,1315,1255,1260,40655
"2022-09-13",1260,1285,1250,1275,35404
"2022-09-14",1260,1260,1210,1235,67492
"2022-09-15",1235,1285,1210,1285,69400
"2022-09-16",1270,1290,1250,1265,38662
"2022-09-19",1285,1350,1250,1280,160371
"2022-09-20",1265,1285,1255,1285,48873
"2022-09-21",1280,1280,1230,1255,64806
"2022-09-22",1255,1280,1215,1280,56673
"2022-09-23",1260,1390,1260,1300,353604
"2022-09-26",1300,1565,1220,1220,2961227
"2022-09-27",1210,1265,1200,1240,159415
"2022-09-28",1245,1260,1200,1245,95052
"2022-09-29",1210,1270,1210,1250,32242
"2022-09-30",1235,1370,1230,1290,277132
"2022-10-04",1295,1455,1295,1425,498871
"2022-10-05",1435,1435,1340,1380,161258
"2022-10-06",1370,1385,1340,1370,160825
"2022-10-07",1340,1350,1320,1340,33544
"2022-10-11",1315,1330,1275,1300,70216
"2022-10-12",1260,1295,1255,1270,58619
"2022-10-13",1265,1270,1240,1255,30466
"2022-10-14",1255,1300,1245,1270,58650
"2022-10-17",1275,1340,1260,1285,31916
"2022-10-18",1300,1305,1270,1285,56034
"2022-10-19",1280,1330,1245,1245,117125
"2022-10-20",1235,1265,1235,1265,59167
"2022-10-21",1260,1290,1220,1240,128366
"2022-10-24",1230,1250,1200,1230,168937
"2022-10-25",1230,1250,1180,1210,99518
"2022-10-26",1205,1205,1160,1180,46234
"2022-10-27",1190,1220,1180,1220,22057
"2022-10-28",1220,1240,1180,1180,49978
"2022-10-31",1180,1185,1165,1165,23907
"2022-11-01",1175,1220,1175,1220,62918
"2022-11-02",1220,1295,1180,1245,115521
"2022-11-03",1225,1245,1205,1240,23742
"2022-11-04",1240,1250,1220,1250,22946
"2022-11-07",1250,1255,1220,1245,23667
"2022-11-08",1245,1245,1215,1225,9580
"2022-11-09",1205,1290,1195,1250,151654
"2022-11-10",1235,1270,1190,1215,46891
"2022-11-11",1220,1265,1200,1220,101210
"2022-11-14",1220,1225,1190,1210,144676
"2022-11-15",1210,1215,1180,1215,176216
"2022-11-16",1200,1240,1195,1215,105388
"2022-11-17",1215,1215,1190,1210,23024
"2022-11-18",1200,1250,1175,1240,220837
"2022-11-21",1240,1240,1190,1235,139549
"2022-11-22",1215,1220,1180,1185,141230
"2022-11-23",1185,1230,1180,1190,124990
"2022-11-24",1195,1350,1185,1280,1061281
"2022-11-25",1280,1295,1205,1280,402497
"2022-11-28",1255,1295,1250,1265,111818
"2022-11-29",1255,1265,1220,1235,110293
"2022-11-30",1235,1275,1225,1270,74972
"2022-12-01",1275,1275,1225,1225,151991
"2022-12-02",1215,1270,1215,1270,167848
"2022-12-05",1270,1270,1195,1220,220621
"2022-12-06",1195,1215,1175,1200,96105
"2022-12-07",1185,1205,1155,1205,139021
"2022-12-08",1185,1240,1185,1215,101997
"2022-12-09",1240,1240,1185,1200,191046
"2022-12-12",1185,1215,1180,1215,69867
"2022-12-13",1205,1225,1190,1200,47603
"2022-12-14",1200,1220,1180,1205,115892
"2022-12-15",1205,1210,1175,1190,89223
"2022-12-16",1165,1235,1165,1200,136323
"2022-12-19",1195,1200,1165,1165,102596
"2022-12-20",1160,1180,1115,1170,214870
"2022-12-21",1180,1195,1115,1140,250166
"2022-12-22",1145,1145,1060,1085,281761
"2022-12-23",1100,1185,1080,1170,693826
"2022-12-26",1170,1240,1085,1115,478968
"2022-12-27",1115,1115,1025,1085,563050
"2022-12-28",1070,1130,1060,1125,138158
"2022-12-29",1135,1215,1085,1150,438573
